indice_tiempo,azucar,cerveza,vino,gaseosas,cigarrillos_1er_cuartil,cigarrillos_2do_cuartil,cigarrillos_3er_cuartil,cigarrillos_4to_cuartil,cigarrillos,productos_farma,naftas,nafta_comun,nafta_super,nafta_ultra,cemento,asfalto,automot_nac_automoviles,automot_nac_utilitarios,automot_nac_carga_pasaj,automot_nac_total,automot_nac_imp_total,automot_nac_imp_automoviles,automot_nac_imp_utilitarios,automot_nac_imp_carga_pasaj,maquinas_herramientas,energia_electrica,residuos,gasoil
1994-01-01,83.0,1133.0,1055.0,197684.0,,,,,160.4,31.96,246.108,132.119,113.989,,488.908,42.994,25632.0,3453.0,684.0,,,,,,141.4,4528.74,,704.066
1994-02-01,80.0,1043.0,1029.0,191844.0,,,,,156.7,30.558,236.827,126.752,110.075,,484.649,44.475,8033.0,1665.0,359.0,,,,,,91.6,4083.9,,667.43
1994-03-01,87.0,1127.0,1214.0,228194.0,,,,,184.4,40.369,267.351,146.306,121.045,,521.257,41.049,26793.0,3416.0,1079.0,,,,,,186.7,4669.1,,826.85
1994-04-01,86.0,750.0,1193.0,132273.0,,,,,148.6,41.9,240.14800000000002,127.739,112.409,,473.13599999999997,41.219,27460.0,3820.0,1058.0,,,,,,124.0,4324.5,,733.391
1994-05-01,87.0,681.0,1235.0,143959.0,,,,,161.2,37.8,248.594,132.774,115.82,,495.92,34.287599609375,26206.0,3733.0,1035.0,,,,,,124.8,4635.2,,782.26
1994-06-01,88.0,553.0,1143.0,156678.0,,,,,158.3,36.5,249.079,133.415,115.664,,472.288,32.90639990234375,25435.0,3874.0,852.0,,,,,,137.9,4736.2,,775.111
1994-07-01,91.0,592.0,1167.0,146935.0,,,,,156.4,35.3,253.568,136.77,116.798,,490.38199999999995,35.9505,28453.0,3257.0,815.0,,,,,,119.8,5004.5,,797.595
1994-08-01,92.0,817.0,1339.0,153513.0,,,,,164.8,36.4,304.862,147.371,157.491,,544.726,45.25010034179687,31710.0,4404.0,868.0,,,,,,158.0,4806.4,,794.042
1994-09-01,90.0,988.0,1253.0,201958.0,,,,,170.6,37.8,314.337,157.716,156.621,,560.564,48.654099853515625,30382.0,4137.0,1083.0,,,,,,135.4,4574.5,,789.408
1994-10-01,92.0,1025.0,1053.0,179882.0,,,,,156.5,34.8,294.236,144.81,149.426,,533.405,46.917899658203126,24877.0,3515.0,717.0,,,,,,132.0,4575.4,,773.667
1994-11-01,93.0,1153.0,1228.0,207917.0,,,,,169.4,35.8,297.994,148.46,149.534,,602.694,58.76679956054687,27296.0,4451.0,1028.0,,,,,,123.8,4597.5,,857.314
1994-12-01,85.0,1410.0,1270.0,311889.0,,,,,187.3,33.3,380.68399999999997,166.06,214.624,,549.198,47.601,24835.0,3257.0,1049.0,,,,,,151.6,5202.2,,840.368
1995-01-01,87.0,1302.0,946.0,202063.0,,,,,165.1,29.8,364.611,151.953,212.658,,536.191,43.02549975585937,9714.0,1544.0,504.0,23730.0,22781.0,19433.0,3348.0,949.0,85.3,4917.1,,761.295
1995-02-01,82.0,1005.0,975.0,185434.0,,,,,153.7,30.063,379.678,140.353,239.325,,518.705,40.8297998046875,23635.0,2451.0,531.0,36871.0,35725.0,31479.0,4246.0,1146.0,70.8,4370.3,,707.38
1995-03-01,83.0,931.0,1084.0,198282.0,,,,,179.4,39.3,438.114,157.474,280.64,,522.823,39.815,23451.0,2488.0,939.0,36420.0,35159.0,31013.0,4146.0,1261.0,380.5,4907.8,,853.3375
1995-04-01,80.0,673.0,954.0,131882.0,,,,,153.8,29.885,398.258,144.236,254.022,,416.227,34.04341015625,16507.0,1664.0,157.0,25343.0,25049.0,22498.0,2551.0,294.0,67.0,4501.9,,764.1213984375
1995-05-01,82.0,647.0,1140.0,131678.0,,,,,162.3,38.553,422.016,156.906,265.11,,473.408,38.97551000976563,17944.0,1826.0,285.0,26188.0,25786.0,22596.0,3190.0,402.0,86.0,4798.8,,873.695
1995-06-01,83.0,516.0,1136.0,129298.0,,,,,157.2,35.776,418.03499999999997,157.955,260.08,,417.235,30.805639892578125,14087.0,1604.0,413.0,23089.0,22545.0,19507.0,3038.0,544.0,109.6,4990.1,,803.7741015625
1995-07-01,90.0,503.0,1103.0,116077.0,,,,,149.1,39.45,421.16600000000005,174.116,247.05,,400.128,28.331,16275.0,1360.0,358.0,24305.0,23781.0,21194.0,2587.0,524.0,173.4,5140.1,,768.061
1995-08-01,93.0,682.0,1294.0,132800.0,,,,,165.2,36.08,460.39199999999994,198.713,261.679,,405.59900000000005,31.292,15484.0,2065.0,439.0,27555.0,26691.0,22956.0,3735.0,864.0,105.0,5063.3,,787.048
1995-09-01,95.0,927.0,1169.0,181288.0,,,,,156.0,32.367,449.127,195.061,254.066,,439.485,37.311,16079.0,1872.0,389.0,27661.0,27111.0,23994.0,3117.0,550.0,74.2,4555.7,,804.808
1995-10-01,96.0,977.0,1172.0,146763.0,,,,,162.7,33.4731,453.60299999999995,197.47,256.133,,409.29,38.087,14911.0,1723.0,466.0,25386.0,24677.0,21767.0,2910.0,709.0,93.6,4659.7,,826.811
1995-11-01,97.0,1205.0,1260.0,172182.0,,,,,166.9,33.3438,428.837,193.746,235.091,,417.232,42.179,13536.0,1838.0,530.0,25583.0,24887.0,21135.0,3752.0,696.0,137.5,4789.8,,851.05
1995-12-01,91.0,1545.0,1258.0,274603.0,,,,,191.4,30.6885,486.34999999999997,210.272,276.078,,371.612,39.216,15562.0,1632.0,698.0,25851.0,24864.0,22179.0,2685.0,987.0,100.1,5135.3,,874.904
1996-01-01,88.0,1122.0,1026.0,167678.0,,,,,174.2,29.2758,558.9300000000001,205.276,353.654,,391.239,33.49,10344.0,1346.0,470.0,20931.0,20128.0,17134.0,2994.0,803.0,132.3,5052.9,,813.659
1996-02-01,82.0,1015.0,1054.0,182417.0,,,,,148.9,28.9219,534.336,192.714,341.622,,371.484,40.999,14075.0,1916.0,600.0,24948.0,23878.0,20454.0,3424.0,1070.0,64.7,4776.85,,795.599
1996-03-01,86.0,957.0,1085.0,194329.0,,,,,161.3,32.1418,547.659,200.882,346.777,,395.247,45.329,16057.0,2282.0,477.0,29700.0,28791.0,24206.0,4585.0,909.0,104.3,5216.13,,883.508
1996-04-01,84.0,659.0,1155.0,133653.0,,,,,163.9,33.8473,543.4290000000001,204.901,338.528,,366.634,39.412,17066.0,2245.0,603.0,31217.0,30107.0,25029.0,5078.0,1110.0,99.0,4834.7,,902.791
1996-05-01,86.0,633.0,1171.0,143986.0,,,,,166.2,32.5015,542.02,208.982,333.038,,402.976,47.495,15257.0,1679.0,780.0,30184.0,28901.0,23876.0,5025.0,1283.0,135.2,5123.51,,966.94
1996-06-01,88.0,510.0,998.0,133091.0,,,,,144.1,31.9097,500.282,189.875,310.407,,340.866,33.665,13162.0,1509.0,760.0,28824.0,27593.0,21643.0,5950.0,1231.0,92.4,5277.4,,869.348
1996-07-01,89.0,454.0,1185.0,128243.0,,,,,164.8,36.3575,549.559,213.498,336.061,,393.853,30.133,15881.0,1905.0,788.0,33587.0,32277.0,26107.0,6170.0,1310.0,190.7,5596.45,,970.271
1996-08-01,92.0,813.0,1169.0,157479.0,,,,,162.6,31.046,556.213,213.911,342.302,,434.316,32.686,14892.0,1230.0,1383.0,33839.0,31734.0,25892.0,5842.0,2105.0,246.7,5081.0,,1092.122
1996-09-01,91.0,742.0,1186.0,180095.0,,,,,158.8,31.068,570.723,224.856,345.867,,447.188,36.098,15357.0,1155.0,299.0,31742.0,30972.0,25180.0,5792.0,770.0,64.1,4879.0,,953.182
1996-10-01,93.0,921.0,1128.0,169393.0,,,,,180.3,32.6766,451.79099999999994,175.879,275.912,,511.171,39.88,17142.0,1360.0,417.0,33346.0,32457.0,26360.0,6097.0,889.0,122.1,5096.38,,687.511
1996-11-01,95.0,1107.0,1139.0,180280.0,,,,,154.4,30.3457,486.794,191.006,295.788,,506.815,44.875,17369.0,1078.0,524.0,34504.0,33586.0,28117.0,5469.0,918.0,85.2,5105.69,,820.947
1996-12-01,92.0,1353.0,1246.0,295775.0,,,,,191.0,29.5276,549.166,209.179,339.987,,462.944,37.764,21441.0,1607.0,687.0,43321.0,42335.0,35205.0,7130.0,986.0,109.3,5449.89,,918.883
1997-01-01,90.0,1507.0,1015.0,195950.0,,,,,172.2,29.3074,525.489,193.947,331.542,,493.774,40.939,9928.0,695.0,661.0,23814.0,22824.0,16692.0,6132.0,990.0,77.6,5690.0,396421.17,874.118
1997-02-01,83.0,1183.0,945.0,186868.0,,,,,153.8,27.4946,467.184,172.406,294.778,,483.84400000000005,45.409,13721.0,1213.0,676.0,29303.0,28226.0,22131.0,6095.0,1077.0,76.5,4851.66,350380.51,806.711
1997-03-01,87.0,1091.0,1053.0,214479.0,,,,,159.6,32.8321,512.133,190.897,321.236,,506.436,48.631,15584.0,999.0,788.0,31350.0,30085.0,24667.0,5418.0,1265.0,134.0,5438.15,385170.42,936.256
1997-04-01,110.4,947.0,1168.0,170910.0,,,,,164.9,32.75,511.212,190.73,320.482,,533.465,49.821,17393.0,1175.0,881.0,35731.0,34267.0,27342.0,6925.0,1464.0,119.8,5331.1,400712.2,960.382
1997-05-01,106.0,788.0,1099.0,152596.0,,,,,162.8,31.9818,497.86400000000003,186.021,311.843,,527.271,40.87,18402.0,1572.0,820.0,37172.0,35685.0,27697.0,7988.0,1487.0,236.7,5564.59,404351.6,929.717
1997-06-01,108.0,553.0,1042.0,149469.0,,,,,144.6,33.662,471.694,175.322,296.372,,443.844,34.654,18194.0,1959.0,886.0,36116.0,34568.0,26798.0,7770.0,1548.0,106.3,5565.9,380574.32,844.325
1997-07-01,92.0,671.0,1198.0,146825.0,,,,,151.7,36.416,512.852,189.648,323.204,,562.7289999999999,36.569,20268.0,1958.0,811.0,39550.0,38140.0,30673.0,7467.0,1410.0,135.4,5821.92,400372.66,995.145
1997-08-01,94.0,848.0,1094.0,166525.0,,,,,157.9,30.7148,488.035,179.358,308.677,,585.369,48.776,18119.0,1706.0,818.0,40504.0,38970.0,30762.0,8208.0,1534.0,99.6,5655.3,388680.94,919.795
1997-09-01,94.0,1034.0,1167.0,206141.0,,,,,160.0,33.3165,478.84799999999996,177.114,301.734,,635.6170000000001,56.763,17886.0,2087.0,991.0,41205.0,39436.0,31352.0,8084.0,1769.0,123.0,5361.91,409969.98,965.38
1997-10-01,95.0,1154.0,1228.0,186917.0,,,,,173.9,35.704,503.759,186.61,317.149,,699.826,55.606,18026.0,2288.0,1024.0,38773.0,36985.0,29407.0,7578.0,1788.0,259.3,5548.72,430695.65,1020.39
1997-11-01,96.0,1229.0,1083.0,193218.0,,,,,147.7,33.271,451.168,161.524,289.644,,618.393,65.031,15148.0,1972.0,864.0,35471.0,33821.0,26380.0,7441.0,1650.0,139.8,5454.31,412587.4,922.844
1997-12-01,94.0,1682.0,1343.0,331808.0,,,,,190.7,31.866,536.984,188.432,348.552,,576.831,67.448,15371.0,2657.0,756.0,37337.0,35661.0,27543.0,8118.0,1676.0,130.1,5733.76,454943.54,999.491
1998-01-01,90.0,1273.0,1012.0,226894.0,,,,,168.5,26.765,495.879,167.252,328.627,,605.408,63.986,11954.0,2293.0,673.0,35042.0,33548.0,25278.0,8270.0,1494.0,89.5,5784.18,433061.18,907.625
1998-02-01,88.0,1045.0,989.0,185957.0,,,,,151.5,27.635,444.002,149.038,294.964,,557.978,73.987,14853.0,2051.0,593.0,36345.0,34887.0,26603.0,8284.0,1458.0,114.3,5217.24,396218.5,835.207
1998-03-01,108.0,1069.0,1128.0,221762.0,,,,,161.6,34.219,471.571,161.583,309.988,,619.432,84.615,17692.0,2270.0,799.0,41621.0,39563.0,30578.0,8985.0,2058.0,125.5,5825.54,453730.75,1037.982
1998-04-01,110.0,853.0,988.0,167521.0,,,,,172.7,29.723,470.458,159.889,310.569,,538.616,75.653,18326.0,2937.0,718.0,43234.0,41291.0,32352.0,8939.0,1943.0,131.4,5542.6,441833.54,951.098
1998-05-01,110.0,705.0,974.0,167753.0,,,,,152.6,30.901,449.445,154.197,295.248,,528.422,71.28,18076.0,2977.0,711.0,43855.0,41863.0,31125.0,10738.0,1992.0,109.4,5775.81,446463.31,1005.673
1998-06-01,112.0,634.0,1070.0,181984.0,,,,,152.7,36.968,442.544,152.434,290.11,,560.126,65.542,16787.0,2650.0,912.0,41884.0,39675.0,29123.0,10552.0,2209.0,127.4,5941.42,421727.5,1025.913
1998-07-01,113.0,695.0,1127.0,182178.0,,,,,168.0,38.286,465.28200000000004,158.854,306.428,,572.6120000000001,61.231,16619.0,2589.0,814.0,42534.0,40432.0,29047.0,11385.0,2102.0,156.4,6054.28,443083.43,1009.874
1998-08-01,109.0,856.0,1070.0,182559.0,,,,,156.0,32.839,456.61,153.538,303.072,,612.186,66.942,16855.0,2875.0,807.0,40361.0,38354.0,27882.0,10472.0,2007.0,151.2,6054.28,443119.4,973.34
1998-09-01,113.0,907.0,1082.0,217104.0,,,,,157.7,31.776,446.35699999999997,151.904,294.453,,632.256,60.642,14818.0,2273.0,664.0,35915.0,34086.0,24671.0,9415.0,1829.0,81.4,5623.96,448860.87,981.296
1998-10-01,116.0,1297.0,1101.0,221026.0,,,,,168.8,30.438,473.467,157.379,316.088,,655.554,71.566,12256.0,2209.0,705.0,32025.0,30324.0,22142.0,8182.0,1701.0,85.0,5728.43,474880.15,1011.882
1998-11-01,117.0,1302.0,1100.0,216589.0,,,,,158.7,30.995,441.41100000000006,150.626,290.785,,628.573,67.655,12792.0,2844.0,740.0,30777.0,29063.0,21143.0,7920.0,1714.0,89.3,5665.16,450150.55,980.876
1998-12-01,125.0,1759.0,1287.0,338537.0,,,,,198.3,34.414,517.292,171.17,346.122,,586.165,62.783,11560.0,2592.0,687.0,31779.0,29829.0,22026.0,7803.0,1950.0,143.2,5995.46,481854.43,1014.227
1999-01-01,101.0,1287.0,913.0,220817.0,,,,,154.9,27.516,457.83299999999997,142.808,315.025,,591.021,58.889,9731.0,1938.0,459.0,27944.0,26585.0,19812.0,6773.0,1359.0,109.5,5886.07,448530.0,876.299
1999-02-01,116.0,1282.0,913.0,222615.0,,,,,151.7,26.639,422.2258000001907,130.801,291.4248000001907,,580.419,58.992,9495.0,2298.0,488.0,24473.0,23297.0,16684.0,6613.0,1176.0,39.6,5629.33,426964.0,852.5517000007629
1999-03-01,121.0,1269.0,1058.0,254158.0,,,,,182.4,35.867,458.84000000000003,144.859,313.981,,629.98,61.87,9456.0,2239.0,564.0,27246.0,25803.0,18645.0,7158.0,1443.0,55.9,6189.21,500251.0,1001.669
1999-04-01,120.0,756.0,975.0,168933.0,,,,,155.3,34.016,423.97,134.971,288.999,,579.303,57.365,8638.0,2617.0,502.0,25975.0,24644.0,17030.0,7614.0,1331.0,94.9,5537.75,447184.7,968.981
1999-05-01,121.0,748.0,1034.0,163246.0,,,,,154.2,29.4836,416.108,133.969,282.139,,588.252,58.231,11573.0,3500.0,526.0,31043.0,29790.0,21667.0,8123.0,1253.0,49.3,5912.12,458746.1,1005.685
1999-06-01,102.0,592.0,1104.0,183466.0,,,,,155.6,33.255,407.4,131.391,276.009,,591.866,42.593,15724.0,3508.0,664.0,31746.0,30364.0,23241.0,7123.0,1382.0,54.5,6074.65,434502.17,969.719
1999-07-01,105.0,589.0,1070.0,171538.0,,,,,159.9,36.112,432.874,138.727,294.147,,526.49,53.657,16486.0,4454.0,635.0,34715.0,33256.0,26048.0,7208.0,1459.0,50.0,6330.33,450763.81,948.33
1999-08-01,105.0,800.0,1099.0,187388.0,,,,,156.5,30.741,433.658,142.892,290.766,,592.912,69.998,17618.0,4846.0,752.0,37472.0,35761.0,27521.0,8240.0,1711.0,48.1,6070.0,453330.09,979.736
1999-09-01,108.0,980.0,1092.0,238573.0,,,,,160.2,31.072,416.317,136.522,279.795,,602.634,74.123,18547.0,4880.0,902.0,36936.0,35026.0,27099.0,7927.0,1910.0,51.5,5746.63,464069.98,965.042
1999-10-01,111.0,1150.0,1120.0,213542.0,,,,,162.7,28.882,433.88800000000003,139.622,294.266,,621.07,73.457,18139.0,4242.0,898.0,36580.0,34982.0,27320.0,7662.0,1598.0,43.5,6002.12,463131.03,961.35
1999-11-01,113.0,1290.0,1150.0,215590.0,,,,,164.1,29.678,421.22299999999996,135.407,285.816,,632.184,67.516,17008.0,3991.0,710.0,32739.0,30827.0,23908.0,6919.0,1912.0,83.3,5936.0,488064.66,1013.691
1999-12-01,121.0,1760.0,1281.0,356346.0,,,,,238.1,31.446,491.477,164.612,326.865,,531.122,64.991,17874.0,3974.0,709.0,33233.0,31485.0,25063.0,6422.0,1748.0,54.5,6365.38,504634.13,1043.98
2000-01-01,124.0,1360.0,824.0,232591.0,,,,,114.3,24.675,422.981,111.425,311.556,,515.923,51.461,16611.0,2477.0,522.0,28806.0,27629.0,22822.0,4807.0,1177.0,36.6,6484.91,474987.14,914.579
2000-02-01,119.0,1280.0,940.0,220975.0,,,,,158.8,26.615,396.355,105.125,291.23,,508.851,59.231,12606.0,3341.0,398.0,26838.0,25633.0,19699.0,5934.0,1205.0,40.8,6242.16,444652.43,891.732
2000-03-01,123.0,1140.0,1074.0,245796.0,,,,,174.9,34.18,412.011,109.134,302.877,,542.207,53.117,15139.0,3556.0,507.0,30334.0,28846.0,22626.0,6220.0,1488.0,70.8,6491.52,472718.63,1028.181
2000-04-01,121.0,890.0,928.0,172420.0,,,,,156.3,30.111,394.595,103.052,291.543,,455.159,34.519,12172.0,3137.0,466.0,25112.0,23915.0,18819.0,5096.0,1197.0,41.0,6044.89,439094.86,931.304
2000-05-01,122.0,700.0,1045.0,156938.0,,,,,157.5,27.392,388.027,103.45,284.577,,458.899,38.536,13851.0,2886.0,460.0,28027.0,26752.0,21329.0,5423.0,1275.0,40.6,6489.09,498200.8,970.215
2000-06-01,100.0,600.0,1039.0,188417.0,,,,,157.3,31.451,373.83,99.988,273.842,,441.621,45.828,11516.0,2909.0,523.0,25542.0,24215.0,18571.0,5644.0,1327.0,70.6,6827.39,445496.0,957.471
2000-07-01,105.0,585.0,1007.0,162033.0,,,,,141.6,32.222,392.733,103.449,289.284,,460.59,32.201,11412.0,2911.0,379.0,25650.0,24400.0,18421.0,5979.0,1250.0,98.3,6858.06,436171.52,974.019
2000-08-01,110.0,795.0,1156.0,184948.0,,,,,154.3,29.287,392.093,101.983,290.11,,538.57,49.339,12056.0,3056.0,474.0,26455.0,25116.0,18915.0,6201.0,1339.0,45.4,6498.6,450178.56,982.83
2000-09-01,112.0,930.0,1076.0,226649.0,,,,,147.4,30.455,383.472,98.56,284.912,,552.67,35.232,11899.0,3001.0,603.0,26230.0,24720.0,18632.0,6088.0,1510.0,40.9,6067.94,446866.86,948.022
2000-10-01,115.0,1080.0,1100.0,209133.0,,,,,153.1,29.324,372.865,94.526,278.339,,507.25,49.202,13090.0,3667.0,740.0,28000.0,26321.0,20026.0,6295.0,1679.0,51.5,6060.46,469125.55,906.438
2000-11-01,117.0,1120.0,1104.0,204830.0,,,,,152.2,28.082,370.64,94.252,276.388,,532.593,38.456,7430.0,2216.0,568.0,18112.0,16809.0,12615.0,4194.0,1303.0,51.4,5946.77,455400.06,947.895
2000-12-01,125.0,1610.0,1198.0,372527.0,,,,,175.5,28.8527,422.932,105.207,317.725,,491.025,46.581,7200.0,2123.0,381.0,17839.0,16612.0,12475.0,4137.0,1227.0,42.4,6552.61,473876.15,1017.111
2001-01-01,129.0,1320.0,930.0,235954.0,,,,,154.2,25.7964,400.842,96.794,244.312,59.736,499.804,28.601,6836.0,1811.0,439.0,18976.0,17872.0,13707.0,4165.0,1104.0,63.3,6866.26,478628.83,904.177
2001-02-01,123.0,1300.0,851.0,252154.0,,,,,142.0,27.1631,361.22247500000003,86.39288099999999,221.214996,53.614598,478.457,25.855,6817.0,1322.0,234.0,15504.0,15001.0,11654.0,3347.0,503.0,53.0,6473.1,420772.0,825.9524640000001
2001-03-01,115.0,1260.0,1011.0,291080.0,,,,,161.6,30.1009,388.929,92.841,240.578,55.51,470.047,36.839,6897.0,1705.0,227.0,17720.0,17002.0,12280.0,4722.0,718.0,42.0,6952.3,471887.67,969.582
2001-04-01,113.0,840.0,945.0,200748.0,,,,,145.2,34.2443,353.218,83.467,217.092,52.659,461.199,27.697,6370.0,1397.0,176.0,15754.0,15244.0,11765.0,3479.0,510.0,45.0,6183.35,444342.18,955.207
2001-05-01,114.0,720.0,1048.0,162247.0,,,,,145.3,31.875,349.77372,84.044,214.07498999999999,51.65473,445.259,24.98,4642.0,2386.0,204.0,13169.0,12618.0,7826.0,4792.0,551.0,43.4,6668.94,467957.9,983.9718399999999
2001-06-01,117.0,620.0,1053.0,209933.0,,,,,138.6,34.485,340.1529,81.2078,209.20520000000002,49.7399,436.564,27.504,6869.0,1620.0,402.0,15309.0,14474.0,10646.0,3828.0,835.0,47.0,6559.16,434619.34,918.2937
2001-07-01,113.0,580.0,1042.0,184931.0,,,,,135.2,34.813,375.09700000000004,91.216,230.824,53.057,450.975,43.711,6506.0,1831.0,263.0,15452.0,14863.0,11292.0,3571.0,589.0,67.0,6806.8,421688.38,903.155
2001-08-01,133.0,770.0,1091.0,194179.0,,,,,151.7,33.2,335.73080999999996,79.10417,208.28286,48.343779999999995,451.521,38.4,6445.0,2018.0,202.0,15482.0,14996.0,10812.0,4184.0,486.0,37.5,6531.18,447994.62,888.3552
2001-09-01,112.0,920.0,927.0,226990.0,,,,,123.2,29.522,317.672,74.602,197.268,45.802,425.771,38.935,5657.0,1823.0,234.0,13780.0,13246.0,9815.0,3431.0,534.0,70.8,6211.66,417882.5,821.79
2001-10-01,106.0,1100.0,1062.0,195991.0,,,,,146.2,30.28,341.57771,79.7267,211.36501,50.486,404.195,35.528,5371.0,1713.0,244.0,13314.0,12773.0,9718.0,3055.0,541.0,54.0,6268.03,463567.62,859.72931
2001-11-01,107.0,1280.0,1071.0,217207.0,,,,,151.1,31.5534,328.486,75.371,204.957,48.158,441.476,34.794,5107.0,1827.0,165.0,13284.0,12905.0,9644.0,3261.0,379.0,24.3,6132.66,443989.24,908.715
2001-12-01,115.0,1680.0,1005.0,332152.0,,,,,144.6,22.9549,353.19103,80.37805999999999,192.49998000000002,80.31299,321.034,30.542,2989.0,952.0,98.0,8958.0,8651.0,6345.0,2306.0,307.0,12.6,6448.414000000001,419181.02,846.90149
2002-01-01,112.0,1250.0,854.989,202828.0,,,,,146.9,26.5023,340.63201000000004,77.06453,215.47898,48.0885,305.007,19.641,1480.0,291.0,45.0,3646.0,3519.0,2893.0,626.0,127.0,6.5,6471.69,411024.0,769.13432
2002-02-01,108.0,1150.0,839.799,198544.0,,,,,136.8,21.2569,330.323,76.157,208.402,45.764,278.133,18.568,3719.0,739.0,84.0,8485.0,8317.0,6772.0,1545.0,168.0,12.1,5745.32,346867.76,782.243
2002-03-01,110.0,1100.0,886.971,221167.0,,,,,157.2,20.4663,339.1041,81.2676,215.0765,42.76,317.899,23.485,4735.0,2498.0,186.0,13693.0,13253.0,9082.0,4171.0,440.0,9.5,6462.13,385530.0,829.5246500000001
2002-04-01,108.0,770.0,933.461,137351.0,,,,,139.2,25.9117,320.66967999999997,85.68497,198.41970999999998,36.565,283.413,30.423,4479.0,1393.0,214.0,9847.0,9365.0,7196.0,2169.0,482.0,8.0,5970.25,385065.38,849.65684
2002-05-01,109.0,740.0,1049.691,145465.0,,,,,150.3,21.0758,324.57588,96.421,192.39488,35.76,303.346,27.954,3228.0,595.0,110.0,6037.0,5789.0,4465.0,1324.0,248.0,10.5,6320.57,377080.0,925.1997299999999
2002-06-01,111.0,530.0,946.331,161173.0,,,,,162.7,23.9744,293.77218999999997,92.09979,172.1474,29.525,299.946,26.767,2093.0,522.0,91.0,4468.0,4280.0,3097.0,1183.0,188.0,11.8,6634.9,327093.0,833.3464
2002-07-01,110.0,600.0,1092.987,151788.0,,,,,117.2,23.2656,314.2115,97.6525,184.38,32.179,314.196,32.053,2244.0,610.0,20.0,4997.0,4764.0,3445.0,1319.0,233.0,10.6,6891.22,349408.91,898.8421
2002-08-01,110.0,800.0,1089.893,167640.0,,,,,150.4,21.3102,306.3259,94.715,180.67589999999998,30.935,352.198,18.894,2222.0,657.0,59.0,5115.0,4894.0,3574.0,1320.0,221.0,26.7,6514.58,334030.0,830.4379
2002-09-01,111.0,850.0,1063.114,206676.0,,,,,143.1,23.595,270.08902000000006,81.43274000000001,161.09728,27.559,348.784,26.834,2114.0,805.0,35.0,5845.0,5723.0,4251.0,1472.0,122.0,12.1,6136.42,329684.13,794.29288
2002-10-01,112.0,1190.0,1067.878,202336.0,,,,,162.5,26.6291,288.9291,84.0292,171.8099,33.09,356.989,31.529,2306.0,782.0,74.0,5854.0,5655.0,4204.0,1451.0,199.0,16.3,6344.78,364340.66000000003,812.22647
2002-11-01,114.0,1360.0,1034.161,200306.0,,,,,162.1,25.3766,283.01898000000006,80.218,169.02798,33.773,343.331,31.791,3173.0,877.0,131.0,7226.0,6984.0,5271.0,1713.0,242.0,11.3,6384.03,348752.47000000003,834.36347
2002-12-01,110.0,1650.0,1129.215,322960.0,,,,,183.2,24.3504,318.8025,88.2711,190.5324,39.999,333.979,30.351,2358.0,1252.0,73.0,7099.0,6934.0,4830.0,2104.0,165.0,27.4,6597.0,358188.06000000006,869.74898
2003-01-01,110.0,1560.0,950.465,195627.0,,,,,174.5,25.5894,309.39332,80.92730999999999,186.48060999999998,41.9854,381.492,31.602,2134.0,1461.0,105.0,7169.0,6886.0,4556.0,2330.0,283.0,13.0,7009.41,345177.22,800.04377
2003-02-01,110.0,1450.0,939.785,211332.0,,,,,152.3,22.6815,275.27132000000006,70.55728,166.57804000000002,38.136,342.765,18.098,2246.0,908.0,86.0,6379.0,6151.0,4413.0,1738.0,228.0,14.7,6364.91,310244.53,797.24803
2003-03-01,110.0,990.0,959.591,241895.0,,,,,162.0,25.0363,278.80835,71.74042,169.15073,37.917199999999994,375.561,40.909,2358.0,1164.0,138.0,7225.0,6865.0,4775.0,2090.0,360.0,24.6,6874.26,338777.0,905.16999
2003-04-01,110.0,810.0,1007.473,169747.0,,,,,167.2,28.3985,286.233058,72.989496,173.198562,40.045,363.489,50.141,2655.0,1485.0,89.0,9211.0,8857.0,6280.0,2577.0,354.0,47.8,6280.38,346015.4,865.888965
2003-05-01,118.0,820.0,994.268,159122.0,,,,,159.0,26.8557,272.06416,68.694,162.88376,40.4864,361.98,33.928,3318.0,1714.0,91.0,11224.0,10837.0,7887.0,2950.0,387.0,44.1,6773.8,362677.17,892.63224
2003-06-01,118.0,600.0,1000.529,190884.0,,,,,152.0,30.0915,259.8188,64.2168,155.467,40.135,369.445,43.485,3255.0,1964.0,100.0,12834.0,12266.0,8427.0,3839.0,568.0,29.7,6814.53,332390.0,830.617
2003-07-01,115.0,670.0,1092.01,174199.0,,,,,158.4,31.1931,286.9213,69.01060000000001,173.9536,43.9571,418.505,35.269,3436.0,1713.0,152.0,14340.0,13666.0,9460.0,4206.0,674.0,48.4,7321.71,351981.0,848.13928
2003-08-01,115.0,880.0,1019.724,185953.0,,,,,152.2,28.2684,274.62222,64.4423,168.27845000000002,41.90147,425.718,30.316,3544.0,2001.0,121.0,14874.0,14187.0,10144.0,4043.0,687.0,25.2,7188.13,343579.0,844.38868
2003-09-01,116.0,950.0,1142.689,229321.0,,,,,163.6,29.9281,272.5591,64.0227,165.3688,43.1676,485.123,43.919,4865.0,2187.0,156.0,18737.0,17813.0,13036.0,4777.0,924.0,57.0,6737.75,367588.08,864.4322
2003-10-01,116.0,1280.0,1147.875,229655.0,,,,,175.2,30.1532,288.9901,65.3074,174.1563,49.5264,509.63,55.582,4283.0,2336.0,146.0,17071.0,16196.0,11676.0,4520.0,875.0,40.0,6906.96,389594.23,909.327913
2003-11-01,116.0,1380.0,1024.809,227624.0,,,,,172.0,26.822,262.8348,58.277800000000006,158.90679999999998,45.6502,464.318,48.266,4520.0,2032.0,158.0,17902.0,17079.0,12241.0,4838.0,823.0,44.8,6833.97,365022.0,869.1676709999999
2003-12-01,119.0,1560.0,1059.19,375436.0,,,,,201.5,29.8428,313.31841000000003,68.17136,186.73779000000002,58.40926,442.87,47.476,4775.0,2940.0,215.0,18674.0,17855.0,12655.0,5200.0,819.0,56.0,7107.56,401732.93,931.9954550000001
2004-01-01,121.4,1610.0,926.188,265033.0,,,,,163.4,28.7405,303.62942,62.16198,184.96144,56.506,465.086,52.927,5209.0,1924.0,177.0,22134.0,20870.0,16205.0,4665.0,1264.0,47.0,7620.56,373950.61,865.7521949999999
2004-02-01,117.7,1520.0,838.425,231962.0,,,,,157.5,28.8639,274.74288,54.349,170.34585,50.04803,444.547,51.741,4550.0,1677.0,214.0,20318.0,19099.0,14022.0,5077.0,1219.0,42.9,6846.54,344021.29,806.156162
2004-03-01,114.2,1130.0,955.309,282386.0,,,,,174.9,34.0185,293.24703,58.32734,182.18457999999998,52.73511,517.965,61.676,6493.0,2856.0,190.0,24887.0,23527.0,17259.0,6268.0,1360.0,59.7,7544.99,389765.35,1000.4596789999999
2004-04-01,112.4,840.0,787.202,210156.0,,,,,146.1,29.6028,287.6579,55.150800000000004,179.7879,52.719199999999994,413.579,49.064,6774.0,2590.0,256.0,24936.0,23454.0,17805.0,5649.0,1482.0,47.1,7011.91,368751.56999999995,940.9156999999999
2004-05-01,125.1,850.0,838.69,159989.0,,,,,142.1,27.6468,273.67238,53.7791,169.78068,50.1126,446.043,45.417,6375.0,2909.0,275.0,27829.0,26494.0,20053.0,6441.0,1335.0,64.1,7325.25,383640.63999999996,966.8414300000001
2004-06-01,127.6,640.0,926.325,216915.0,,,,,158.7,34.9498,262.3261,51.2362,157.29407999999998,53.79582,482.959,50.896,6439.0,2704.0,261.0,27702.0,26251.0,19818.0,6433.0,1451.0,63.9,7259.35,379281.12,931.75966
2004-07-01,120.8,680.0,971.867,199668.0,,,,,133.6,34.5649,290.84409999999997,54.6719,168.9838,67.18839999999999,500.702,43.14,6023.0,2532.0,292.0,27169.0,25372.0,19153.0,6219.0,1797.0,42.2,7576.6,369502.96,909.90072
2004-08-01,128.0,930.0,933.255,198804.0,,,,,148.1,32.8057,273.87017999999995,51.2025,164.53539999999998,58.13228,505.924,47.719,7109.0,3041.0,260.0,28192.0,26611.0,19672.0,6939.0,1581.0,56.8,7076.07,378029.86,896.53116
2004-09-01,129.2,990.0,931.868,266380.0,,,,,155.8,33.4459,280.40308,55.273,167.56077,57.569309999999994,572.525,48.857,6494.0,3029.0,247.0,27170.0,25667.0,19548.0,6119.0,1503.0,49.0,6956.97,382584.93,918.5110699999999
2004-10-01,131.0,1290.0,928.182,233646.0,,,,,156.0,31.7702,283.70459,50.12592,172.90471,60.67396,551.784,62.074,6176.0,2298.0,303.0,26363.0,24981.0,19244.0,5737.0,1382.0,40.0,7087.33,380139.34,936.70403
2004-11-01,144.1,1380.0,1001.908,235191.0,,,,,166.3,32.4011,282.15181,48.86616,172.32995000000003,60.9557,570.859,56.606,7139.0,1787.0,265.0,26787.0,25356.0,19692.0,5664.0,1431.0,92.5,7127.32,390858.42,939.173955
2004-12-01,145.1,1550.0,1073.352,385682.0,,,,,188.0,31.3737,332.35014000000007,57.55847,201.51707000000002,73.2746,544.028,75.064,7370.0,2138.0,196.0,28474.0,27464.0,20995.0,6469.0,1010.0,59.8,7739.52,419558.93,1012.0152390000001
2005-01-01,150.9,1630.0,758.55734,283244.0,10.64885,0.00426,40.726854,93.885204,145.265168,27.7096,315.52174,50.7865,192.17604,72.5592,532.927,50.608,8821.0,2580.0,219.0,31864.0,29912.0,23729.0,6183.0,1952.0,62.2,7983.279999999999,381964.12,955.94295
2005-02-01,146.4,1550.0,745.94285,260230.0,10.317536,0.00986,40.085806,95.317691,145.730893,27.9541,284.15416,45.943690000000004,172.92587,65.2846,506.271,61.997,6593.0,2029.0,332.0,27187.0,25474.0,20002.0,5472.0,1713.0,60.0,7248.880000000001,359502.73,846.74855
2005-03-01,150.0,1150.0,856.61802,300269.0,13.530447,0.00696,44.944567,107.349569,165.831543,35.134,311.77838,48.838680000000004,190.68732,72.25238,550.591,63.59,8791.0,3288.0,355.0,35042.0,33079.0,25990.0,7089.0,1963.0,54.5,7689.91,395795.92,1023.27526
2005-04-01,147.8,890.0,881.03931,206758.0,13.046533,0.00353,60.760927,73.222666,147.033656,31.3965,282.84585,44.09174,173.49011,65.264,571.51,49.964,8340.0,3680.0,377.0,33847.0,31732.0,24210.0,7522.0,2115.0,75.4,7213.139999999999,396646.91000000003,1024.14989
2005-05-01,149.1,880.0,889.30598,196072.0,12.901453,0.00375,60.043786,71.539068,144.488057,33.453,287.69781,44.88934,174.59962,68.20885000000001,577.467,56.205,8823.0,3109.0,406.0,33698.0,31704.0,24961.0,6743.0,1994.0,68.8,7668.55,399176.39999999997,1012.44434
2005-06-01,150.0,720.0,923.87086,236659.0,14.474534,0.00495,59.242979,72.364216,146.086679,32.6095,282.49008,42.71879,171.96156,67.80973,525.557,59.078,8924.0,3326.0,374.0,34549.0,32777.0,25125.0,7652.0,1772.0,80.5,7719.71,383723.79,936.5885
2005-07-01,159.0,730.0,919.25445,215543.0,14.98982,0.05325,57.155475,70.79801,142.996555,34.909,306.67841,44.89646,184.6113,77.17065,600.26,41.346,8560.0,3462.0,473.0,33170.0,31138.0,23222.0,7916.0,2032.0,81.4,8061.62,384139.58,974.3935
2005-08-01,154.0,980.0,956.60277,222795.0,16.063574,0.0015,60.533207,76.826078,153.424359,32.7719,315.25454,45.252489999999995,190.5118,79.49025,670.329,54.018,8323.0,3121.0,444.0,39723.0,37202.0,29124.0,8078.0,2521.0,81.8,7953.5,414714.61,999.6850400000001
2005-09-01,149.6,1060.0,934.82767,272074.0,15.939139,1.671598,40.058621,96.341533,154.010891,32.2118,307.51698,44.38813,185.09421,78.03464,716.985,47.616,8961.0,3234.0,406.0,35964.0,33491.0,26376.0,7115.0,2473.0,,7508.4,403842.32,1039.28464
2005-10-01,145.1,1320.0,983.87428,265989.0,13.145859,12.200026,36.269786,92.140368,153.756039,31.2678,326.37582000000003,45.68938,195.8187,84.86774000000001,701.261,60.29,8124.0,3044.0,495.0,31685.0,29230.0,21723.0,7507.0,2455.0,,7403.310000000001,408102.0,1006.7661400000001
2005-11-01,140.8,1430.0,1011.06251,270202.0,10.538783,23.597757,35.449056,92.143513,161.729109,33.086,320.32404,43.019769999999994,184.89445,92.40982000000001,732.679,61.495,8274.0,4540.0,595.0,34705.0,32211.0,23733.0,8478.0,2494.0,,7784.34,417261.0,1045.7278000000001
2005-12-01,150.6,1620.0,1111.49774,396585.0,29.524661,12.18384,58.199034,84.016412,183.923947,31.1552,357.09225000000004,47.14396,208.43591,101.51238000000001,688.64,56.037,7613.0,2742.0,504.0,31256.0,29278.0,22453.0,6825.0,1978.0,,8098.31,419853.0,1109.2601000000002
2006-01-01,156.6,1710.0,756.90831,277021.0,29.129399,12.861778,51.007045,69.417326,162.415548,29.6816,359.82235,43.340120000000006,212.46857999999997,104.01365,644.776,52.861,9564.0,2267.0,181.0,39270.0,36711.0,29458.0,7253.0,2559.0,,7957.900000000001,411745.91,966.41938
2006-02-01,151.9,1640.0,765.08574,294717.0,25.229013,29.220791,45.95366,57.225,157.628464,31.5401,327.39008,38.93778,192.90095000000002,95.55135,645.765,50.01,9772.0,3372.0,426.0,35833.0,34147.0,26522.0,7625.0,1686.0,,7395.700000000001,366337.0,918.8605699999999
2006-03-01,155.7,1220.0,881.44314,311990.0,8.569115,66.494454,45.835457,57.140143,178.039169,37.522,347.67772,41.78576,205.06185,100.83011,709.071,63.367,10745.0,4068.0,575.0,37769.0,35410.0,27602.0,7808.0,2359.0,,8037.6,422651.07,1073.4660900000001
2006-04-01,153.4,930.0,860.38185,242740.0,5.716732,59.328306,43.706758,46.35789,155.109686,32.4379,339.37681,40.14421,198.42604,100.80656,687.157,70.625,10250.0,3584.0,446.0,36997.0,34560.0,26997.0,7563.0,2437.0,,7555.6,399880.91,1057.40356
2006-05-01,154.0,900.0,972.1065100000011,220979.0,7.480859,62.434046,44.676725,46.787453,161.379083,36.046,342.19629999999995,39.83414,200.52066,101.8415,741.468,61.919,10718.0,4095.0,389.0,37428.0,35294.0,27457.0,7837.0,2134.0,,8116.1,422671.81,1083.7638200000001
2006-06-01,155.7,780.0,949.7849999999986,264994.0,7.5818,65.84502,46.277326,49.382602,169.086748,34.0591,322.00151999999997,37.11871,188.97152,95.91129,685.115,52.255,11751.0,3882.0,427.0,37493.0,35274.0,27649.0,7625.0,2219.0,,8248.9,395310.82,1073.96541
2006-07-01,165.0,790.0,957.4992900000001,245752.0,3.901766,63.853375,43.379142,45.285048,156.419331,32.5184,344.95995,36.473,200.65229000000002,107.83466,727.431,37.559,10297.0,3925.0,361.0,36128.0,33787.0,25957.0,7830.0,2341.0,,8313.5,419350.58,1018.61025
2006-08-01,157.0,1020.0,1011.09456,241081.0,7.27019,53.727638,56.1875,50.877095,168.062423,34.1094,367.55206,38.35815,213.36132,115.83259,817.491,68.327,12065.0,4321.0,402.0,39917.0,37512.0,28517.0,8995.0,2405.0,,8497.0,425218.78,1043.06737
2006-09-01,155.0,1135.0,966.12977,324369.0,6.252051,24.642547,75.348358,52.394222,158.637178,34.4695,354.99695,36.220150000000004,206.92785,111.84895,813.729,30.034,11914.0,4512.0,423.0,39337.0,37003.0,28471.0,8532.0,2334.0,,7828.4,415569.0,1070.28907
2006-10-01,150.6,1410.0,953.2108900000012,297029.0,6.436286,23.659969,79.728335,54.922205,164.746795,33.5264,371.04889,35.17234,215.43833999999998,120.43821000000001,762.922,44.259,11294.0,4209.0,399.0,41031.0,38859.0,30136.0,8723.0,2172.0,,8025.100000000001,437393.0,1117.07341
2006-11-01,152.6,1540.0,1031.18728,301812.0,6.347068,102.199996,59.50001,0.0063,168.053374,32.7065,366.1583,33.76996,212.34872000000001,120.03962,833.199,72.641,11787.0,5194.0,424.0,38122.0,35949.0,26803.0,9146.0,2173.0,,7998.1,442580.0,1122.4021
2006-12-01,152.6,1750.0,999.10574,454871.0,8.26117,25.247409,89.888939,64.135704,187.533222,31.1383,416.86534,34.94355,240.81222,141.10957000000002,704.301,50.679,15774.0,4204.0,462.0,41153.0,38425.0,30727.0,7698.0,2728.0,,8838.9,458183.95,1102.5936000000002
2007-01-01,172.9,1830.0,815.49936,322874.0,3.002794,25.23746,82.581937,58.529995,169.352186,33.92,426.04516,32.8172,246.70331,146.52465,721.086,54.271,14020.0,3122.0,382.0,45705.0,43604.0,35178.0,8426.0,2101.0,,8743.2,443520.0,1042.8231899999998
2007-02-01,167.7,1760.0,785.1807,320178.0,3.028384,25.401244,76.683858,54.515246,159.628732,32.93,376.52752,28.29925,215.49928,132.72898999999998,730.495,59.695,11712.0,3321.0,441.0,43459.0,41575.0,34412.0,7163.0,1884.0,,8158.199999999999,386977.0,978.5853000000001
2007-03-01,171.8,1340.0,911.00486,360251.0,2.994149,29.16099,72.894521,79.073457,184.123117,35.351,407.58669,30.2761,233.68509,143.6255,700.243,63.79,14695.0,4423.0,402.0,45730.0,43393.0,35073.0,8320.0,2337.0,,8637.8,454624.70999999996,1121.5692
2007-04-01,169.3,1014.0,838.45603,265012.0,2.970976,25.303167,62.936842,68.88464,160.095625,33.201,372.5769,26.549889999999998,217.42933,128.59768,698.503,61.356,14014.0,4899.0,551.0,45154.0,42774.0,33919.0,8855.0,2380.0,,8010.4,432537.0,1083.68407
2007-05-01,170.8,981.0,964.81827,238395.0,2.930835,26.593145,67.492462,73.960227,170.976669,37.181,394.77412000000004,28.911990000000003,236.59494,129.26719,841.984,47.075,13826.0,4817.0,496.0,43790.0,41142.0,32187.0,8955.0,2648.0,,8789.5,439815.0,1164.6846200000002
2007-06-01,178.5,850.0,915.79443,285682.0,2.880966,23.973065,73.550461,52.131236,152.535728,38.4586,397.83683,29.16134,242.81456,125.86093,789.652,56.377,13059.0,4717.0,504.0,45805.0,43447.0,34104.0,9343.0,2358.0,,8851.4,413082.0,1161.57228
2007-07-01,189.2,800.0,940.52938,249900.0,2.730653,24.313548,76.470233,56.049178,159.563612,41.0026,435.5669,31.832,268.3255,135.4094,811.939,52.852,14885.0,3961.0,486.0,50568.0,47721.0,37709.0,10012.0,2847.0,,9024.5,408448.0,1123.3991
2007-08-01,183.5,1030.0,977.86242,269003.0,2.170204,25.582587,84.300773,61.46354,173.517104,39.029,425.58943,30.10425,267.42283000000003,128.06235,860.142,58.533,14328.0,5377.0,537.0,48648.0,45959.0,34958.0,11001.0,2689.0,,9106.5,420956.0,1156.8371499999998
2007-09-01,178.0,1145.0,945.23781,340041.0,2.047095,23.57104,76.334172,56.612276,158.564583,35.7447,395.48932,28.198150000000002,254.18731,113.10386,766.343,57.01,14037.0,5374.0,471.0,47610.0,45078.0,34593.0,10485.0,2532.0,,8082.6,421878.0,1125.4696000000001
2007-10-01,172.7,1480.0,1070.98232,313298.0,2.313604,27.249283,89.089773,64.985627,183.638287,38.1539,438.49584000000004,30.537599999999998,280.05119,127.90705,868.415,64.682,14770.0,5951.0,575.0,49967.0,47421.0,37019.0,10402.0,2546.0,,8370.4,467934.17,1189.8082
2007-11-01,166.2,1650.0,1058.83826,331143.0,2.253076,27.791907,84.06052,72.603872,186.709375,34.8303,428.09409999999997,29.8979,278.142,120.0542,932.947,50.966,15203.0,5505.0,806.0,48192.0,45420.0,35006.0,10414.0,2772.0,,8254.4,451211.0,1201.2844
2007-12-01,173.5,1860.0,941.79399,510811.0,1.909123,28.174978,59.988367,102.271838,192.344306,31.9176,468.1741,32.7929,308.2384,127.14280000000001,768.22,48.682,16800.0,5142.0,745.0,50298.0,47175.0,38018.0,9157.0,3123.0,,8921.4,457480.0,1164.08709
2008-01-01,178.9,1920.0,786.05908,334024.0,1.939323,20.783689,66.283602,97.830927,186.837541,33.4627,490.22042000000005,33.74239,322.83358000000004,133.64445,796.308,44.491,16919.0,4569.0,440.0,55171.0,52987.0,42672.0,10315.0,2184.0,,9175.100000000002,454224.63,1101.51783
2008-02-01,170.0,1880.0,783.94689,338276.0,2.32604,18.238908,62.23271,95.117711,177.915369,32.1001,441.87481,29.068060000000003,292.8969,119.90985,767.339,51.747,10765.0,3899.0,664.0,47407.0,44627.0,35665.0,8962.0,2780.0,,8728.8,424124.5,1057.6238
2008-03-01,170.0,1520.0,656.46935,360071.0,2.223354,19.409307,62.600676,96.56742,180.800757,35.6442,469.86615000000006,30.66473,309.16328000000004,130.03814,700.101,47.379,14756.0,6458.0,792.0,57291.0,54357.0,41637.0,12720.0,2934.0,,8594.5,466059.42,1116.22271
2008-04-01,175.0,1370.0,943.43705,289737.0,2.391256,23.985145,88.094459,61.955734,176.426594,39.57,435.69403000000005,29.199939999999998,290.51051,115.98358,890.14,66.972,16578.0,5724.0,777.0,59151.0,56445.0,44489.0,11956.0,2706.0,,8286.6,462592.32,1195.57727
2008-05-01,175.0,1280.0,896.6022,275660.0,2.306086,22.242552,87.770314,61.823433,174.142385,38.1293,443.74774,29.91983,298.29874,115.52917,826.04,63.569,17624.0,5627.0,797.0,59277.0,56362.0,43645.0,12717.0,2915.0,,8777.8,470842.28,1201.82085
2008-06-01,170.0,1050.0,821.98897,275124.0,2.252019,21.379054,79.166019,57.122876,159.919968,36.8615,416.70095,30.564310000000003,279.35296,106.78367999999999,704.971,38.149,14479.0,4456.0,803.0,52208.0,49096.0,38180.0,10916.0,3112.0,,9209.8,428808.0,1021.2352
2008-07-01,190.0,990.0,1033.59021,280681.0,1.823547,21.7107255,80.86426734999999,77.11584640000001,181.514386,39.1815,464.4924,33.10696,319.16769,112.21775,878.337,37.2,16016.0,6651.0,849.0,54808.0,52200.0,39360.0,12840.0,2608.0,,9127.1,474401.19,1182.1717800000001
2008-08-01,197.8,1200.0,937.7782,274140.0,2.291863,15.363796,60.50024,89.39527,167.551169,34.1818,455.83263000000005,33.18065,326.12184,96.53014,831.019,35.511,13952.0,5139.0,876.0,53981.0,50938.0,39727.0,11211.0,3043.0,,9025.3,454516.39,1166.4402
2008-09-01,186.3,1470.0,978.22058,354367.0,1.784635,16.058251,63.271924,92.738639,173.853449,35.7214,452.58428000000004,33.52479,329.82274,89.23675,897.162,49.724410000000006,16006.0,5215.0,817.0,53159.0,50246.0,38257.0,11989.0,2913.0,,8587.6,487538.14,1127.09789
2008-10-01,180.0,1690.0,966.61802,315119.0,1.698388,24.940993,108.580357,57.840745,193.060483,35.8673,473.04504999999995,35.460989999999995,348.00291,89.58115,863.12,55.8901,13703.0,4282.0,741.0,48019.0,45554.0,35841.0,9713.0,2465.0,,8477.2,516265.9,1164.55259
2008-11-01,160.0,1850.0,910.55745,345229.0,1.74863,22.719625,89.283039,59.274942,173.026236,32.1117,445.61819,32.25546,331.44806,81.91467,799.048,20.88803,9572.0,3786.0,284.0,35617.0,34104.0,26000.0,8104.0,1513.0,,8914.9,461164.79,1094.41727
2008-12-01,180.0,1970.0,961.92311,530502.0,1.603715,28.861316,114.875275,77.305064,222.64537,34.2026,528.44168,38.701809999999995,389.59803999999997,100.14183,689.545,41.22173,10839.0,3264.0,346.0,35681.0,34041.0,27066.0,6975.0,1640.0,,9053.4,486822.73,1133.3316200000002
2009-01-01,220.5,2010.0,736.62892,377933.0,1.965596,23.440659,89.149777,70.258767,184.814799,36.2313,514.7379500000001,36.96167,384.12892,93.64736,726.812,55.0695,12040.0,3286.0,352.0,33699.0,32670.0,26244.0,6426.0,1029.0,,9086.1,428746.29,1021.75004
2009-02-01,180.0,1840.0,685.84653,327289.0,1.800065,0.586084,76.121067,84.628771,163.135987,36.775,450.04734,31.186130000000002,339.67475,79.18646000000001,681.739,63.22482,7147.0,3197.0,335.0,33095.0,31960.0,24999.0,6961.0,1135.0,,8241.6,398414.08,936.35717
2009-03-01,165.0,1580.0,822.70347,330236.0,4.485917,137.880099,42.427656,0.04285,184.836522,41.683,476.148398,34.515980000000006,359.582028,82.05039,755.425,54.669,10708.0,3611.0,379.0,37080.0,35830.0,29234.0,6596.0,1250.0,,8955.6,483310.2,1066.29607
2009-04-01,170.0,1490.0,778.1721,315187.0,6.134741,104.648354,74.545208,0.00189,185.330193,41.1327,466.48653,33.04704,349.59183,83.84766,759.16,62.07113,12371.0,3723.0,382.0,39540.0,38496.0,30670.0,7826.0,1044.0,,8104.700000000001,442760.55,1083.0696699999999
2009-05-01,170.0,1320.0,844.78269,277166.0,1.73719,91.415293,70.61561,0.04354,163.811633,41.5536,452.93897,32.01019,341.54834999999997,79.38042999999999,725.205,49.188,12819.0,3698.0,442.0,40872.0,39266.0,31101.0,8165.0,1606.0,,8435.3,465009.09,1033.25323
2009-06-01,180.0,1190.0,909.90658,247991.0,1.736268,90.281758,68.822587,0.0302,160.870813,44.6657,461.218709,33.37744,348.852969,78.98830000000001,793.624,51.612,12908.0,3262.0,442.0,42965.0,41459.0,32924.0,8535.0,1506.0,,9114.2,458987.72,1027.0371189999998
2009-07-01,187.0,1050.0,918.30934,283928.0,1.864919,94.371075,78.584034,0.075259,174.895287,48.7771,460.290477,32.866080000000004,347.480557,79.94384,804.239,42.231,14148.0,4457.0,531.0,43471.0,41769.0,33606.0,8163.0,1702.0,,9508.0,483850.54,1023.9321
2009-08-01,190.0,1210.0,947.18737,292030.0,2.103071,74.588536,87.324296,0.009057,164.02496,34.6215,476.73783999999995,31.888830000000002,358.07135999999997,86.77765,814.803,64.18697,13499.0,3575.0,515.0,42553.0,40847.0,33619.0,7228.0,1706.0,,8738.4,476885.47,1038.211609
2009-09-01,184.0,1480.0,1001.70328,306964.0,0.244069,3.449714,76.92027,93.005149,173.619202,40.1896,474.46156,32.312580000000004,355.95579,86.19319,789.159,51.892410000000005,13105.0,4635.0,446.0,42569.0,41238.0,32077.0,9161.0,1331.0,,8350.2,476651.0,1023.0678159999999
2009-10-01,,1670.0,970.66079,334470.0,1.932385,15.931585,66.888164,98.266237,183.018371,41.9963,506.39732,31.818450000000002,374.31104,100.26783,862.99,51.894040000000004,13365.0,4829.0,540.0,44630.0,43139.0,34327.0,8812.0,1491.0,,8420.7,509723.18999999994,1078.06024
2009-11-01,152.6,1810.0,891.62786,338641.0,7.316512,131.0855,31.60703,0.006972,170.016014,37.6445,475.70918,28.31032,353.18448,94.21438,770.394,46.583,12474.0,4573.0,602.0,41818.0,40168.0,31118.0,9050.0,1650.0,,8644.0,513020.33,1040.60148
2009-12-01,140.0,1990.0,827.70032,436309.0,1.870366,93.982733,115.554219,0.000127,211.407445,37.6482,544.1059,30.28987,404.06604,109.74999000000001,731.449,48.79766,11805.0,4112.0,419.0,44850.0,43229.0,33312.0,9917.0,1621.0,,9023.6,525424.77,1111.303798
2010-01-01,98.6,2120.0,668.53719,355349.0,1.919463,77.195514,93.482374,9e-05,172.597441,38.8371,549.7733649999999,28.807058999999995,405.83469299999985,115.13161300000003,741.914,45.425959999999996,12365.0,3010.0,415.0,50044.0,48283.0,40376.0,7907.0,1761.0,,9740.0,497578.68,1055.5088478
2010-02-01,90.0,1870.0,705.31155,311143.0,1.836382,75.624566,93.706,0.389108,171.556056,39.5201,475.3096230000001,24.587163999999994,359.39680800000014,91.32565099999997,690.094,43.51915,13503.0,4084.0,545.0,49384.0,47611.0,37590.0,10021.0,1773.0,,8773.9,467138.79,995.455453
2010-03-01,103.3,1850.0,771.8831,329943.0,2.048131,27.568179,162.769508,0.101113,192.486931,44.6262,528.367698,28.974998999999993,396.52866000000006,102.86403899999999,869.227,49.99706,14014.0,4405.0,663.0,54675.0,52393.0,41914.0,10479.0,2282.0,,9518.9,522690.0,1212.2286859999997
2010-04-01,116.3,1580.0,720.9,290479.0,1.856149,15.786164,107.638135,35.903398,161.183846,43.7894,500.45162899999997,26.875946999999996,374.647068,98.928614,817.15,53.290440000000004,13672.0,4900.0,730.0,49935.0,47712.0,37056.0,10656.0,2223.0,,8434.1,486557.0,1202.3931270000003
2010-05-01,170.0,1290.0,662.0,268391.0,1.31871,20.173221,139.118824,2.748346,163.359101,42.9379,497.4036380000001,24.40991200000001,373.7323000000001,99.261426,768.72,46.333769999999994,14644.0,5197.0,784.0,53589.0,51384.0,39280.0,12104.0,2205.0,,8866.4,510594.0,1175.3427130000002
2010-06-01,150.0,1140.0,924.9,256731.0,1.438769,18.236737,128.414604,14.232652,162.322762,44.9065,481.9461270000003,22.744714,366.4526990000003,92.74871399999998,799.984,43.06106,16652.0,5297.0,903.0,60940.0,58399.0,44600.0,13799.0,2541.0,,9367.0,502823.60000000003,1122.9687089999993
2010-07-01,176.6,1180.0,880.0,283819.0,1.375509,18.53956,132.747795,14.286281,166.949145,46.306599999999996,519.525466,22.27164899999999,385.5527310000001,111.70108599999998,832.922,39.789559999999994,16894.0,5281.0,770.0,53635.0,51416.0,40750.0,10666.0,2219.0,,10081.1,500648.0,1161.6492717000006
2010-08-01,185.6,1290.0,880.9,286970.0,1.450344,18.41381,135.250541,14.357871,169.472566,43.2747,521.3436040000003,22.416343,397.0012910000003,101.92596999999999,898.657,45.7548,16219.0,6664.0,769.0,61599.0,58788.0,46360.0,12428.0,2811.0,,9733.1,517890.69000000006,1152.0654244000002
2010-09-01,187.7,1550.0,878.4,310468.0,1.956295,20.327282,148.916504,2.396039,173.59612,45.8773,497.49529099999995,21.429972000000003,377.995325,98.06999399999998,909.47,48.313449999999996,15648.0,5989.0,816.0,63914.0,61168.0,47869.0,13299.0,2746.0,,8755.9,522020.0,1122.8805009999996
2010-10-01,155.2,1830.0,847.6,314513.0,1.207335,16.828134,74.876221,74.689148,167.600838,47.5235,531.9917950000001,19.522520999999998,406.58552600000013,105.88374800000003,932.363,46.562400000000004,16323.0,5674.0,980.0,61008.0,58240.0,46589.0,11651.0,2768.0,,8567.7,499267.13,1154.1086329999998
2010-11-01,140.0,1920.0,948.0,363426.0,1.201651,16.786006,78.946838,79.944809,176.879304,46.1948,529.3463459999999,18.395037999999996,403.5492469999999,107.40206100000002,1001.211,57.27177,19356.0,7398.0,756.0,70242.0,67669.0,50080.0,17589.0,2573.0,,8834.6,544195.17,1182.398019
2010-12-01,120.0,2240.0,889.7,456782.0,1.301408,16.617833,96.648517,95.53419,210.101948,41.6933,603.403309,18.225959000000003,448.88290000000006,136.29444999999996,904.0,51.77652,19516.0,6958.0,738.0,69439.0,66646.0,50127.0,16519.0,2793.0,,10125.7,554773.0,1238.4445029999997
2011-01-01,110.0,2230.0,623.5,375012.0,1.422696,14.461663,85.753002,81.926086,183.563447,43.2233,586.3174779999999,18.399737,435.84381099999996,132.07393,849.411,51.806760000000004,15184.0,3808.0,448.0,57931.0,55835.0,47057.0,8778.0,2096.0,,10231.0,552772.0,1134.9463469999998
2011-02-01,127.1,1970.0,671.7,324056.0,1.325,16.154655,91.846463,58.072334,167.398452,47.2194,526.0204500000002,16.279417,374.0997380000001,135.64129500000004,817.559,53.59215,10949.0,4666.0,621.0,56457.0,53902.0,43224.0,10678.0,2555.0,,9129.0,471800.0,1034.4704740000004
2011-03-01,140.0,1910.0,844.0,366069.0,1.25943,16.96312,86.365127,87.896781,192.484458,53.0994,595.951164,17.926706,426.7133299999999,151.31112800000002,909.02,61.084184,17145.0,6295.0,903.0,70583.0,67326.0,50811.0,16515.0,3257.0,,9863.0,547990.5,1217.0197190000008
2011-04-01,130.0,1700.0,789.2,300463.0,1.36774,15.253611,76.98802,80.68696,174.296331,49.493300000000005,562.4271370000001,18.322554,405.9715950000001,138.132988,936.809,57.416588000000004,15754.0,7055.0,962.0,70782.0,67809.0,52951.0,14858.0,2973.0,,8917.8,506802.56,1223.2788139999998
2011-05-01,126.0,1360.0,815.3,283006.0,1.269438,15.346881,76.656387,81.36497,174.637676,48.1269,546.6505345,19.772854,393.3041066000001,133.57357389999999,986.393,49.12517,17995.0,7386.0,1004.0,75996.0,72743.0,56367.0,16376.0,3253.0,,9560.4,542130.24,1185.2067263000004
2011-06-01,150.0,1110.0,864.0,268828.0,1.410732,16.198404,83.724658,68.478496,169.81229,48.9285,531.5495618,16.779868,384.1201364,130.6495574,887.565,43.83344,21237.0,7874.0,1092.0,73702.0,69932.0,55737.0,14195.0,3770.0,,10135.8,517100.76999999996,1157.3398953000005
2011-07-01,180.0,1210.0,886.0,296702.0,1.201288,15.284193,69.682756,76.54171,162.709947,49.8425,587.8486078999999,20.468206999999996,419.3098147,148.07058619999998,908.84,44.57865,20122.0,7176.0,977.0,72484.0,68897.0,54688.0,14209.0,3587.0,,10562.6,523110.28,1195.9577121000007
2011-08-01,189.0,1568.0,903.3,307779.0,11.118832,16.678761,76.674857,82.620706,187.093156,47.8982,581.6989228,17.375129000000005,421.1359815,143.1878123,1006.094,49.84888,21758.0,8708.0,1359.0,81130.0,77424.0,61707.0,15717.0,3706.0,,10311.9,562167.24,1214.7218513
2011-09-01,190.0,1679.0,932.3,336998.0,1.453938,16.838591,77.097855,85.091997,180.482381,49.8797,573.1377156,16.056794,413.6682537,143.4126679,1092.31,53.95213,23910.0,8531.0,1123.0,83072.0,79331.0,61456.0,17875.0,3741.0,,9089.5,563814.46,1208.3517382
2011-10-01,189.0,1946.0,878.2,345898.0,1.23589,15.946057,95.37364,62.962766,175.518353,48.2545,592.9383721,15.542980000000002,424.507017,152.88837510000002,1000.939,43.40714,23834.0,6836.0,1042.0,82298.0,79058.0,65334.0,13724.0,3240.0,,9062.4,573604.68,1186.8552284
2011-11-01,180.0,2273.0,871.7,377928.0,1.438404,15.173239,82.968563,78.671925,178.252131,49.9951,593.5923788000001,14.64306,425.76989440000017,153.17942439999996,1048.395,46.9409,23254.0,6231.0,988.0,76060.0,72852.0,59583.0,13269.0,3208.0,,9505.9,569868.29,1206.5376936000002
2011-12-01,150.0,2477.0,839.1,479869.0,1.2087203999999998,16.6982193,91.36486,98.41684688,207.688647,46.3592,688.0187801999998,13.915949999999997,503.4102291999999,170.69260099999994,922.969,46.44016,22666.0,5059.0,843.0,82855.0,80471.0,65033.0,15438.0,2384.0,,10118.6,577657.5200000001,1245.9875439000007
2012-01-01,120.0,2199.0,684.3,382374.0,1.3247436000000001,13.829220099999999,82.9096175,86.14541231999999,184.208994,45.9171,649.5825609,13.766020000000001,472.2697823,163.54675859999998,859.899,46.81374,13509.0,5387.0,541.0,62941.0,60497.0,46442.0,14055.0,2444.0,,10806.8,523318.89400000003,1115.8575569000009
2012-02-01,135.8,1849.0,628.1,382811.0,1.2171956000000002,13.992388,81.008595,83.88150297,180.099682,42.4571,599.7246101999999,12.23215,435.5993289999999,151.89313119999997,763.164,43.901471,15784.0,7326.0,540.0,63859.0,61723.0,42177.0,19546.0,2136.0,,10089.2,508500.26600000006,990.5899356999998
2012-03-01,140.0,2039.0,830.4,458386.0,1.482085,16.753426349999998,77.215253,100.38380262000001,195.834567,52.4699,644.8443595000001,12.16573,472.4566992000001,160.22193030000005,952.42,57.55495,20632.0,8109.0,859.0,68055.0,65580.0,48744.0,16836.0,2475.0,,10178.0,586289.056,1181.4000926
2012-04-01,140.0,1663.0,722.8,322102.0,1.26365,12.1874115,53.77227315,97.94545676999999,165.168791,51.8636,581.8230755000001,10.451649999999999,426.75713110000004,144.61429440000003,782.379,40.97824,20197.0,5977.0,594.0,65760.0,63623.0,49713.0,13910.0,2137.0,,8970.0,509178.79,1139.4809100000002
2012-05-01,150.0,1317.0,878.4,279888.0,1.177714,13.153578,57.230143549999994,106.12765987,177.689095,50.1124,584.9208186000001,10.97525,431.7330635,142.2125051,871.336,38.75722,21708.0,5768.0,963.0,64746.0,62429.0,49710.0,12719.0,2317.0,,9601.7,562735.817,1146.6837560999995
2012-06-01,155.0,1024.0,876.2,317472.0,1.37339,12.806727,55.733782,103.10385,173.017749,52.2504,592.5017067,11.0127,432.5313685,148.95763820000002,887.523,34.2195,19669.0,7925.0,978.0,72514.0,69360.0,50692.0,18668.0,3154.0,,10297.0,511377.7299999999,1103.0750692000006
2012-07-01,171.0,486.0,864.1,293426.0,1.24072,13.160958,72.617215,72.706121,159.725014,54.0118,631.3568859000001,11.75909,465.42681840000006,154.17097750000002,904.169,34.18326,21661.0,8481.0,1089.0,66614.0,63989.0,48994.0,14995.0,2625.0,,11071.7,502393.085,1165.8754573999993
2012-08-01,192.0,1617.0,983.0,288936.0,1.2861,13.974201,80.972935,84.023479,180.256715,51.1215,618.8459888,10.401980000000002,461.89229459999996,146.5517142,840.612,32.39346,23233.0,10030.0,932.0,73595.0,71102.0,54405.0,16697.0,2493.0,,10408.3,548225.5329999999,1131.5976936000002
2012-09-01,190.0,1665.0,863.3,367944.0,1.25336,12.769269,68.707507,79.57682,162.306956,49.1924,605.2808037,8.78492,457.6293774999999,138.8665062,889.254,34.883641,19845.0,9230.0,1260.0,65661.0,62270.0,46672.0,15598.0,3391.0,,9338.600000000002,534845.7930000001,1063.6252268999997
2012-10-01,190.0,1890.0,952.8,327092.0,1.43702,15.402681,81.815946,83.204786,181.860433,56.1997,634.3724987,9.11807,474.836139,150.4182897,954.076,42.738283,19207.0,8130.0,1317.0,67602.0,64137.0,48986.0,15151.0,3465.0,,9608.0,574425.7980000001,1110.9889585999997
2012-11-01,180.0,2065.0,942.0,344558.0,1.32148,14.746739,81.225503,86.642551,183.936273,52.5508,640.0805747000002,9.52901,479.7453731000001,150.80619159999998,959.055,51.05164,21972.0,7875.0,1230.0,70388.0,67040.0,49329.0,17711.0,3348.0,,10031.399999999998,536758.5510000001,1178.706479
2012-12-01,190.0,2550.0,922.0,539435.0,1.381418,15.161743,83.882655,95.821124,196.246939,47.669,719.0611758,10.558399999999999,533.9938906,174.50888519999998,787.347,36.23886,26460.0,8393.0,1186.0,88323.0,85080.0,42142.0,17286.0,1595.0,,10824.3,551624.2220000001,1163.9461030999998
2013-01-01,0.0,2557.0,694.2,401490.0,1.41688,8.885444,65.200336,103.008043,178.510703,43.5053,712.7531362000002,12.02458,530.2570751000001,170.47148110000012,888.115,41.52272,15804.0,4951.0,537.0,58070.0,56154.0,42645.0,13509.0,1916.0,,11134.119344999996,533708.656,1118.3565496
2013-02-01,140.0,2500.0,692.0,360692.0,1.49416,7.169398,56.408121,100.909378,165.981057,44.162,635.2870305999999,11.33826,471.5725458999999,152.3762247,808.885,44.02012,17435.0,6926.0,769.0,67696.0,65442.0,49837.0,15605.0,2254.0,,9834.160006999999,474121.406,991.2589918
2013-03-01,160.0,2200.0,842.0,347680.0,1.366458,8.378007,62.463397,114.917003,187.124865,53.124,676.3570492,10.57801,504.93732480000006,160.84171440000003,914.793,47.21168,24722.0,8375.0,1335.0,77185.0,74269.0,55072.0,19197.0,2916.0,,9756.129308000001,483321.4419999999,1152.1766924
2013-04-01,160.0,1950.0,757.0,335484.0,1.42098,6.404576,78.508666,79.695641,166.029863,51.59,630.0345083999998,12.000190000000002,466.76474359999975,151.26957480000007,946.202,44.62162,23873.0,8264.0,1146.0,85533.0,82545.0,61360.0,21185.0,2988.0,,9307.334163,516808.51999999996,1198.4035732000004
2013-05-01,160.0,1470.0,977.0,309349.0,1.56629,6.785487,80.880092,76.442281,165.67415,48.644,664.1314903000001,12.674889999999998,495.1874735000001,156.2691268,997.86,47.12407,20889.0,8904.0,1463.0,85646.0,81580.0,59753.0,21827.0,4066.0,,10232.825394000005,498282.637,1207.6927409000004
2013-06-01,155.0,1112.0,866.0,277389.0,1.37992,7.019921,76.958019,75.202021,160.559881,47.1571,635.2612368,10.57519,474.8380773,149.8479695,913.101,42.57399,22173.0,7809.0,1447.0,88541.0,84806.0,62900.0,21906.0,3735.0,,10360.537193999993,447635.81,1101.2498416000003
2013-07-01,155.0,1112.0,866.0,337169.0,1.356863,6.001171,81.991899,76.148199,165.498132,53.919,694.2499019999998,12.4862,517.3699958999998,164.39370609999997,1004.647,47.87826,19362.0,8713.0,1415.0,81425.0,78084.0,59997.0,18087.0,3341.0,,11156.173393,487084.24000000005,1175.4631148999995
2013-08-01,190.0,1248.0,969.0,339955.0,1.109814,6.712404,87.039389,82.85005,177.711657,52.5738,685.2845218,11.38852,514.2247993999999,159.67120240000003,1070.747,53.21706,20471.0,9075.0,1301.0,88922.0,85069.0,62488.0,22581.0,3853.0,,10904.479243000002,474999.7540000001,1181.4370642999995
2013-09-01,190.0,1715.0,929.0,356071.0,1.60742,8.217751,87.367182,62.510073,159.702426,51.6554,650.2489016000001,9.94718,486.55208940000006,153.74963219999998,1041.879,52.02307,21252.0,9762.0,1567.0,85300.0,81361.0,59510.0,21851.0,3939.0,,10195.872995000005,464693.15,1099.8474928
2013-10-01,0.0,2030.0,972.2,394022.0,1.65728,1.284648,68.433243,110.391525,181.766696,50.5684,711.8481284,10.126209999999999,532.4442674999999,169.27765090000003,1135.823,54.64167,19719.0,8158.0,1560.0,81358.0,77450.0,56479.0,20971.0,3908.0,,10045.715632000003,526866.43,1183.2431746999996
2013-11-01,190.0,2083.0,1004.0,386420.0,1.352118,1.307073,63.292442,109.180941,175.132574,51.2541,691.3463875,5.25134,519.2053142999999,166.8897332,1046.324,48.87368,19153.0,9173.0,1230.0,75274.0,71926.0,52191.0,19735.0,3348.0,,10015.701652,500841.56,1157.1838461
2013-12-01,180.0,2426.0,905.0,504722.0,1.682618,15.921522,187.325931,0.186077,205.116148,48.1508,779.4924781,4.17732,576.5619015999999,198.7532565,914.744,39.74979,19390.0,9035.0,1209.0,88967.0,85442.0,62147.0,23295.0,3525.0,,12291.286493000003,519520.47000000003,1183.6011787
2014-01-01,0.0,2442.0,715.42832,444715.0,1.47116,1.31488,74.77615,135.602801,213.164991,45.7989,758.6280840999997,2.2296300000000002,570.1002739999997,186.2981801,910.379,39.756907300000016,12065.0,3274.0,687.0,46766.0,44707.0,34350.0,10357.0,2059.0,,12004.342368,505108.28,1109.8453143
2014-02-01,140.0,2037.0,676.88822,342821.0,1.71827,1.158975,58.264435,91.209167,152.350847,41.746,656.6855157,2.8051,492.5594583000001,161.3209574,783.917,36.49464999999999,13809.0,6953.0,507.0,54793.0,53089.0,38389.0,14700.0,1704.0,,9823.968201,466889.9700000001,1013.9197978999993
2014-03-01,162.0,1837.0,702.57312,335588.0,1.36875,0.46125,58.946504,103.956447,164.732951,46.855,685.5284267000001,2.562,521.8528779000001,161.11354880000002,898.807,49.918699999999994,15525.0,7434.0,568.0,49747.0,47814.0,33582.0,14232.0,1933.0,,9789.798788999999,492492.63999999996,1106.5942596
2014-04-01,0.0,1461.0,757.5088099999999,323823.0,1.43069,12.382254,162.754924,17.458896,194.026764,51.719,656.6971698,2.035237,504.86947740000005,149.79245539999994,895.215,46.85457099999999,15379.0,7398.0,606.0,51346.0,49558.0,36579.0,12979.0,1788.0,,9595.374350000002,474771.97000000003,1268.4099388
2014-05-01,160.0,1150.0,855.24825,280364.0,1.805949,0.541932,10.87381,125.221871,138.443562,49.293,638.6405450999999,1.417929,496.98577809999995,140.23683799999998,919.866,44.83806,15687.0,7034.0,642.0,50648.0,48966.0,35929.0,13037.0,1682.0,,10409.105006,492038.3500000001,1131.7699604999996
2014-06-01,155.0,870.0,856.4780499999999,277718.0,3.26142,0.403642,11.280984,140.943294,155.88934,46.9712,611.8024205999999,1.64572,475.47250139999994,134.6841992,885.732,43.395100000000006,17444.0,7124.0,713.0,53131.0,51272.0,37213.0,14059.0,1859.0,,10901.714975999997,461360.4799999999,1163.0769986
2014-07-01,0.0,1129.25667735235,922.8687299999999,333021.0,3.58297,0.525266,12.0438,157.495965,173.648001,54.598,659.5460555,1.909,509.80726610000005,147.82978939999998,949.732,45.934670000000004,18018.0,5812.0,627.0,54184.0,51992.0,38274.0,13718.0,2192.0,,11363.942101999997,476444.6,1226.1911303
2014-08-01,190.0,976.0,922.2870999999999,333525.0,3.22851,0.553134,60.709691,98.793668,163.285003,55.5367,660.2980626,2.27289,508.0400458,149.98512679999996,993.397,41.770709999999994,16476.0,7549.0,953.0,51112.0,49034.0,36351.0,12683.0,2078.0,,10490.682389,481343.82,1063.3373935
2014-09-01,190.0,1342.0,913.96965,346447.0,4.91111,0.147381,11.404013,147.635973,164.098477,55.5367,655.5472287,2.569,507.23141849999996,145.7468102,1045.431,48.448949999999996,16852.0,8676.0,1119.0,60317.0,57698.0,42537.0,15161.0,2619.0,,9807.544191,514482.12,1141.5142414
2014-10-01,190.0,1588.0,922.76296,385551.0,4.90137,0.45419,12.527416,168.286132,186.169108,52.7077,694.7302936,2.701,535.4738084999999,156.55548510000003,1100.852,55.543490000000006,11403.0,7980.0,1076.0,47628.0,45180.0,31244.0,13936.0,2448.0,,10706.493141,532098.0399999999,1176.5167580000002
2014-11-01,190.0,1935.0,867.96235,362015.0,3.31629,0.401981,10.975774,153.214918,167.908963,51.0204,655.3061611,2.329,493.15482470000006,159.8223364,995.982,45.186699999999995,13279.0,5433.0,996.0,41380.0,39161.0,29509.0,9652.0,2219.0,,10344.736671999995,516103.76,1143.2676188999997
2014-12-01,180.0,2254.0,867.96235,490360.0,3.613215,0.599893,79.616658,111.779076,195.608842,49.445,747.6340967000001,2.948,545.5938665000001,199.09223019999996,892.15,41.279679999999985,15897.0,6770.0,840.0,52796.0,50501.0,38739.0,11762.0,2295.0,,11229.377819999996,534217.89,1172.2385321000004
2015-01-01,210.0,2268.5,741.6206599999999,405924.0,2.35357,0.665278,9.809737,152.099742,164.928327,45.062,753.9878805999999,2.603,544.9659072999999,206.4189733,927.973,38.76452,11064.0,3515.0,759.0,34128.0,32475.0,25693.0,6734.0,1701.0,,11706.190093000003,511772.12000000005,1106.2078892000002
2015-02-01,245.0,1892.0,699.1902,341562.0,4.09752,0.244269,10.0065,148.629458,162.977747,39.6614,680.9806705000002,2.457,490.74936260000015,187.77430790000005,885.023,43.56634999999999,13747.0,6274.0,785.0,44074.0,42364.0,30196.0,12152.0,1726.0,,10665.086620999999,467584.08,966.8862666000001
2015-03-01,162.0,1706.0,808.75163,355288.0,2.144817,0.51663,48.347394,133.52373,184.532571,45.1131,697.2989319000001,2.466,507.5684177000001,187.2645142,967.701,45.96370999999999,15096.0,8542.0,847.0,52791.0,50545.0,38029.0,12516.0,2246.0,,11548.527072000003,505588.99999999994,1091.3837228999998
2015-04-01,0.0,1694.64955529264,840.4747199999999,338585.0,4.31957,0.51672,9.800338,150.521202,165.15783,49.7565,701.6146441000001,2.12,512.2515978,187.2430463,1045.09,48.651810000000005,13316.0,6501.0,1044.0,46363.0,43819.0,32344.0,11475.0,2634.0,,10026.434760000002,517127.11000000004,1129.1746349000002
2015-05-01,162.0,1223.0,845.03163,302804.0,5.454864,0.505074,9.29996,147.176109,162.436007,46.8661,668.5208862000002,2.03899,486.2461640000002,180.23573220000003,995.899,45.19657,13774.0,7622.0,1084.0,53286.0,50380.0,36177.0,14203.0,3070.0,,10467.633693000003,521474.45999999996,1102.9544573000003
2015-06-01,157.0,925.0,961.81356,294197.0,7.245402,6.330512,32.395471,104.428335,150.39972,48.1555,671.9955223999999,1.94797,488.88194059999995,181.1656118,1055.434,44.945550000000004,,,,61221.0,57867.0,41256.0,16611.0,3354.0,,11254.419666999998,506275.1499999999,1129.0097876999996
2015-07-01,172.0,1030.0,931.85887,334906.0,4.72106,3.732675,53.170999,111.30695,172.931684,,724.5501899000001,2.03198,520.1715799000001,202.34663000000006,1069.622,44.411539999999995,,,,56213.0,53997.0,39874.0,14123.0,2216.0,,11907.361918999997,515367.80999999994,1221.6158986
2015-08-01,192.0,1038.0,856.6524400000001,314301.0,3.96928,3.4955,50.035514,104.613329,162.113623,,690.3056887,1.92998,499.40724200000005,188.96846669999996,977.469,36.91437000000001,,,,59592.0,57357.0,42568.0,14789.0,2235.0,,11130.262807999998,522716.95999999996,1160.4864326999998
2015-09-01,192.0,1427.0,903.4854399999999,337257.0,8.097531,0.540797,58.230305,90.8707,157.739333,,700.2452749,2.5999899999999996,504.89056830000004,192.75471660000002,1123.491,47.60454000000001,,,,61464.0,60468.0,42771.0,17697.0,996.0,,10552.903241000004,520329.89,1113.8662109000002
2015-10-01,192.0,1689.0,948.08576,344895.0,1.981,3.332788,9.4479,152.528177,167.289865,,740.8057141,3.3199899999999998,528.4697883000001,209.01593579999997,1128.015,42.559599999999996,,,,52209.0,51681.0,38459.0,13222.0,528.0,,10722.174389,535816.7399999999,1159.9130768999999
2015-11-01,192.0,2058.0,887.2267300000001,337596.0,4.39,3.606795,8.834135,154.057067,170.887997,,704.5204891999999,3.0069899999999996,505.20745880000004,196.30604039999992,991.175,36.282259999999994,,,,52526.0,51648.0,37931.0,13717.0,878.0,,10219.189482,527046.0199999999,1112.9624144000002
2015-12-01,181.8,2397.1,844.91901,487125.0,3.6145,4.00845,11.330392,190.746698,209.70004,,808.7125310999999,2.166,570.3685223999998,236.17800869999996,933.124,26.08444,,,,39415.0,34508.0,25804.0,8704.0,4907.0,,11909.435560999995,552431.76,1120.5625401
2016-01-01,121.2,2412.9,681.29,343635.0,6.912585,0.042637,48.032537,107.45422,162.441979,,761.7802021999998,1.978,536.4337736999998,223.36842850000008,858.496,21.48074,,,,49935.0,49545.0,38263.0,11282.0,390.0,,12344.911762000003,531880.69,1068.6055066
2016-02-01,141.4,2012.7,660.927,345388.0,7.734245,0.013101,47.081953,100.331759,155.161058,,731.3948576,2.565,517.6276028,211.2022548,802.226,22.777919999999998,,,,52593.0,51900.0,38518.0,13382.0,693.0,,11731.845100999999,509785.6499999999,1017.5113163000001
2016-03-01,163.2,1815.0,758.505,326219.0,3.396,4.937403,9.4745,152.042845,169.850748,,740.3937885,2.464,532.7300496,205.19973889999997,885.244,32.75354,,,,,60694.0,44319.0,16375.0,,,10461.475919999999,555253.2,1145.7581407999999
2016-04-01,,,806.3710000000001,281333.0,7.494725,0.0995,52.219656,117.242698,177.056579,,666.3795071000001,2.224,487.31670370000006,176.8388034,756.828,26.108919999999998,,,,,60513.0,43056.0,17457.0,,,10292.000855999997,532593.56,1121.5623632
2016-05-01,,,777.21,249762.0,5.737985,7.444718,44.347873,41.051289,98.581865,,670.4708101,1.889,497.90811979999995,170.6736903,881.663,35.67248,,,,,60360.0,41841.0,18519.0,,,11358.011628000002,551938.56,1263.0509846999998
2016-06-01,,,751.145,256063.0,7.50291,12.012319,2.360715,118.822034,140.697978,,672.4546959,2.734,489.46945460000006,180.2512413,857.525,33.583239999999996,,,,,63192.0,43817.0,19375.0,,,11812.947050000004,511199.68000000005,1261.2648001999999
2016-07-01,,,799.308,280657.0,7.82065,12.01613,3.724561,103.495786,127.057127,,709.3240042000002,2.749,506.2870136000001,200.28799060000006,847.654,33.25187,,,,,52678.0,38242.0,14436.0,,,11929.645375,518647.71,1142.5661084999997
2016-08-01,,,902.939,299432.0,8.526065,18.114834,72.87812,55.715836,155.234855,,728.6122052,3.098,528.026801,197.4874042,1042.872,45.980521,,,,,63952.0,45649.0,18303.0,,,10855.441952,568999.5399999999,1182.3124678999998
2016-09-01,,,909.69,293386.0,10.157125,18.09863,3.753285,108.04174,140.05078,,693.3798532999997,3.117,494.9239141999998,195.33893909999992,996.23,45.365970000000004,,,,,67816.0,49420.0,18396.0,,,10382.081134,561435.95131,1078.574574
2016-10-01,,,831.3439999999999,303895.0,9.079875,18.84427,4.853245,110.164691,142.942081,,734.9854574,3.353,522.124738,209.5077194,925.679,41.51222,,,,,56357.0,40949.0,15408.0,,,9956.038875000004,564643.6806119999,1085.3323425
2016-11-01,,,797.722,332266.0,11.112625,20.196616,11.589877,109.429067,152.328184,,729.6199809999999,3.377,514.1067026,212.1362784,1007.185,55.823389999999996,,,,,62401.0,43035.0,19366.0,,,10132.540584,555875.4372939998,1133.6891975999997
2016-12-01,,,739.929,436616.0,11.176895,22.296162,13.124506,126.083263,172.680827,,825.423033,4.108,571.1839422,250.1310908,935.891,42.58257,,,,,72003.0,51528.0,20475.0,,,11853.854388000007,568604.5312330561,1174.6992657999997
2017-01-01,,,593.6250000000001,338393.0,12.59764,21.351271,13.540875,117.006968,164.496755,,803.8964587,3.982,553.8107446000001,246.10371409999996,868.591,46.923390999999995,,,,,52841.0,41687.0,11154.0,,,12524.865645999998,579218.07,1055.3190360999997
2017-02-01,,,566.958,289773.0,12.840523,8.345864,37.547776,75.739455,134.473618,,718.3256925999999,2.376,497.85664590000005,218.09304669999995,795.13,46.4418,,,,,65274.0,50935.0,14339.0,,,11074.906498999997,525130.2,952.1887923000003
2017-03-01,,,705.2739999999999,325625.0,14.74388,5.149704,33.025561,111.523825,164.44297,,776.3804560000001,1.354,541.400251,233.62620500000006,1025.619,60.32854,,,,,68947.0,50546.0,18401.0,,,11122.231554999998,606336.0,1152.3410751000001
2017-04-01,,,672.977,256195.0,14.06228,10.018019,32.983187,85.745385,142.808871,,723.0852047000001,0.0,502.3516784000001,220.73352630000005,841.146,47.44820000000001,,,,,68117.0,49257.0,18860.0,,,9793.758584999998,,1060.9292794999994
2017-05-01,,,824.2489999999999,263673.0,13.77302,5.984279,28.703398,98.600506,147.061203,,740.2572266999998,0.511,514.3616597999999,225.38456689999998,961.787,60.560179999999995,,,,,79521.0,59658.0,19863.0,,,10795.213415,,1192.1565673
2017-06-01,,,849.105,255569.0,12.7159,5.779385,28.678781,97.540752,144.714817,,728.7679181,0.733,504.5015552,223.53336290000001,998.478,58.287969999999994,,,,,80172.0,56508.0,23664.0,,,11359.330661999995,,1172.5814598999998
2017-07-01,,,818.534,270631.0,12.96501,1.790589,34.356148,84.359772,133.471518,,773.8941292999998,0.866,527.2274050999998,245.80072420000002,1007.897,56.42395000000001,,,,,72684.0,54380.0,18304.0,,,11796.425757000008,,1153.5935685
2017-08-01,,,833.888,294857.0,12.790725,0.750303,36.986826,103.431607,153.959462,,784.5079179,1.176,537.3482034,245.9837145,1112.865,65.58089,,,,,76700.0,55395.0,21305.0,,,11107.250704999995,,1190.1796003
2017-09-01,,,841.1339999999999,278419.0,11.986312,0.776987,35.584157,107.643356,155.990812,,770.4627468000001,1.301,523.7908636000001,245.37088319999998,1121.423,64.757181,,,,,76192.0,51348.0,24844.0,,,10348.584547999995,,1166.4276102000001
2017-10-01,,,780.5929999999998,317422.0,13.713804,1.437015,29.885358,90.780234,135.816411,,807.8336855,1.086,546.1550518,260.59263369999996,1141.073,68.03704,,,,,74416.0,53722.0,20694.0,,,10227.329312999997,,1186.2856475
2017-11-01,,,777.0169999999999,343126.0,14.23267,0.838912,33.379948,107.234239,155.685768,,800.6471550000001,1.687,547.9862430000001,250.97391199999998,1163.215,72.81078099999999,,,,,78631.0,55977.0,22654.0,,,10355.727486000002,,1229.4799672
2017-12-01,,,661.676,418192.0,13.99964,0.718226,35.780911,113.911998,164.410775,,870.4431667999997,1.463,590.9710717999999,278.00909499999983,990.472,52.04103,,,,,90307.0,63211.0,27096.0,,,12024.595460999995,,1206.0704672999998
2018-01-01,,,601.489,341398.0,13.69101,-0.000163,38.263328,106.023094,157.977268,,848.5942357999999,1.058,572.7828429999998,274.75339280000003,1021.732,55.88024,,,,,64452.0,53864.0,10588.0,,,12350.183342000008,,1110.4679339000006
2018-02-01,,,563.16,305445.0,16.61001,-0.000428,32.654053,92.674201,141.937837,,771.6623444999999,1.314,525.7263138,244.62203069999998,908.513,59.08381,,,,,73733.0,60089.0,13644.0,,,11404.202906999997,,988.1459364
2018-03-01,,,687.0169999999999,320938.0,11.560936,-0.000197,36.936557,105.974603,154.4719,,827.4819737,1.311,569.4799195,256.69105419999994,1073.832,67.08782,,,,,79562.0,61227.0,18335.0,,,11247.242146999999,,1218.1884632000003
2018-04-01,,,658.4760000000001,269836.0,1.414375,12.851734,37.310374,93.397217,144.973673,,769.6338620000001,1.067,532.1431220000001,236.42374000000004,953.024,63.742571,,,,,72748.0,55528.0,17220.0,,,10493.314601999999,,1157.231525
2018-05-01,,,757.985,244704.0,1.774775,14.345263,22.574805,109.652734,148.347577,,774.5794330000003,1.052,537.1739010000003,236.35353199999994,924.211,52.98442,,,,,75754.0,58954.0,16800.0,,,10665.461534999999,,1146.1327290000004
2018-06-01,,,778.5010000000001,217343.0,2.102013,14.189378,28.526499,90.578565,135.396456,,750.4055759999999,1.012,523.779498,225.614078,968.593,53.891760000000005,,,,,55358.0,42413.0,12945.0,,,11925.912372999997,,1129.722712
2018-07-01,,,768.6160000000001,260565.0,17.465447,0.008358,40.561404,76.146768,134.181977,,780.94734,0.815,550.6141170000001,229.51822299999995,949.74,34.376259999999995,,,,,46637.0,35701.0,10936.0,,,12607.552746000003,,1141.9807169999997
2018-08-01,,,787.605,263248.0,15.913585,0.0,34.552511,96.60481,147.070906,,790.5754609999999,0.809,574.398164,215.36829699999998,1113.091,41.430460000000004,,,,,52224.0,40341.0,11883.0,,,11721.305146000006,,1197.860191
2018-09-01,,,724.02,261456.0,2.200794,8.34132,31.623267,79.356798,121.522179,,709.2831610000001,0.526,531.0327520000001,177.72440899999998,1009.902,37.354800000000004,,,,,42628.0,34464.0,8164.0,,,9792.369117000004,,1050.3615839999998
2018-10-01,,,699.3480000000001,278451.0,3.682742,12.176774,39.132229,107.546476,162.538221,,766.109301,0.118,580.32067,185.670631,1040.197,40.595499999999994,,,,,37207.0,29345.0,7862.0,,,9904.218690999998,,1124.9747079999997
2018-11-01,,,678.918,265643.0,9.340745,6.76529,38.621528,86.245626,140.97319,,732.455785,0.0,556.75837,175.69741499999998,969.991,42.4429,,,,,33095.0,25932.0,7163.0,,,10035.149398999998,,1106.0834430000002
2018-12-01,,,681.83,340773.0,2.935085,13.941044,26.811718,106.601269,150.289116,,824.739445,0.0,614.056767,210.68267799999998,808.367,31.30372,,,,,48418.0,36841.0,11577.0,,,10863.012560999998,,1119.8059959999998
2019-01-01,,,609.68,281041.4,3.755782,12.395672,53.556668,74.404188,144.112309,,791.089709,0.0,588.1321829999999,202.957526,873.987,38.726020000000005,,,,,30038.0,23794.0,6244.0,,,11698.820425999995,,1039.2140379999998
2019-02-01,,,588.763,253127.4,17.255379,-0.000152,58.983694,76.453845,152.692765,,739.6087279999999,0.0,549.4992479999999,190.10948000000002,921.087,42.25642,,,,,30404.0,23869.0,6535.0,,,10706.955347000005,,1014.941329
2019-03-01,,,672.783,237341.4,18.440054,21.181685,13.492521,70.363113,123.477373,,783.545919,0.0,588.695963,194.849956,940.167,52.89789,,,,,33708.0,24155.0,9553.0,,,10120.057955999997,,1131.907616
2019-04-01,,,661.4119999999999,227072.4,0.0,0.0,0.0,0.0,133.900766,,728.0015000000001,0.0,551.9500370000001,176.05146299999998,900.938,48.988910000000004,,,,,28469.0,21399.0,7070.0,,,9572.130665999997,,1138.828548
2019-05-01,,,826.5889999999999,216239.0,0.0,0.0,0.0,0.0,149.370039,,748.2328,0.0,570.434086,177.79871400000002,964.733,42.22119,,,,,27947.0,20616.0,7331.0,,,10382.062182,,1145.368777
2019-06-01,,,728.525,200390.0,0.0,0.0,0.0,0.0,107.530731,,705.204027,0.0,535.472969,169.731058,860.652,39.185300000000005,,,,,36501.0,29751.0,6750.0,,,10649.854566000004,,1066.5573089999996
2019-07-01,,,805.0139999999999,239568.0,0.0,0.0,0.0,0.0,138.042919,,779.45719,0.0,582.4082,197.04898999999997,1000.469,45.01925,,,,,39255.0,31522.0,7733.0,,,12004.210209999997,,1189.152423
2019-08-01,,,840.65,239551.0,0.0,0.0,0.0,0.0,149.011043,,772.4320299999999,0.0,578.8764399999999,193.55559000000002,1048.46,41.9775,,,,,38021.0,28799.0,9222.0,,,11465.483323999997,,1175.1799879999999
2019-09-01,,,790.28,221065.0,0.0,0.0,0.0,0.0,129.904572,,735.20637,0.0,550.55687,184.6495,938.994,35.70944,,,,,26876.0,19263.0,7613.0,,,10218.087847,,1083.6716920000003
2019-10-01,,,820.635,251782.0,0.0,0.0,0.0,0.0,142.998961,,793.2076380000001,0.0,590.807139,202.40049900000005,948.931,28.807940000000002,,,,,27204.0,18258.0,8946.0,,,10380.686897,,1133.312879
2019-11-01,,,770.755,260316.0,0.0,0.0,0.0,0.0,141.529123,,770.06798,0.0,576.54649,193.52149000000003,872.207,23.75524,,,,,22900.0,16764.0,6136.0,,,10559.966177999999,,1142.6492220000005
2019-12-01,,,725.323,333673.0,0.0,0.0,0.0,0.0,145.113362,,825.3536799999997,0.0,614.4277799999996,210.92590000000004,732.734,16.59577,,,,,31151.0,24109.0,7042.0,,,11187.742698999997,,1135.428793
2020-01-01,,,695.6360000000001,288230.0,0.0,0.0,0.0,0.0,,,808.639433,0.0,599.241615,209.397818,745.681,18.523915000000002,,,,,25727.0,19423.0,6304.0,,,11993.867057,,1053.4729690000001
2020-02-01,,,637.033,249696.0,,,,,,,772.2144599999999,0.0,566.8122,205.40226,686.602,18.07574,,,,,27191.0,20513.0,6678.0,,,10843.47443,,1004.9375669999998
2020-03-01,,,638.404,214295.0,,,,,,,558.636175,0.0,417.064035,141.57214,502.368,13.874299999999998,,,,,18922.0,13182.0,5740.0,,,11144.232191999994,,922.0788709999998
2020-04-01,,,678.565,167740.0,,,,,,,240.974489,0.0,196.34337000000002,44.631119,403.653,7.46934,,,,,7512.0,5572.0,1940.0,,,8537.200406999998,,805.5837750000001
2020-05-01,,,806.1569999999999,173342.0,,,,,0.0,,377.75870799999984,0.0,297.1893019999999,80.56940599999999,648.543,13.429619999999998,,,,,20033.0,16687.0,3346.0,,,9617.328172000001,,999.8602579999998
2020-06-01,,,915.701,,,,,,,,457.4765800000002,0.0,352.7625400000002,104.71404000000001,797.794,18.524759999999997,,,,,23773.0,16320.0,7453.0,,,10781.714872999999,,921.8851710000004
2020-07-01,,,980.117,,,,,,,,498.8652929999999,0.0,382.3206419999999,116.544651,862.675,21.797300000000003,,,,,22475.0,14543.0,7932.0,,,12183.852641000001,,1087.9742459999995
2020-08-01,,,856.492,,,,,,,,510.71253999999993,0.0,388.2306139999999,122.48192600000003,917.233,24.403406000000004,,,,,28346.0,19597.0,8749.0,,,10728.379158000003,,1149.9449630000001
2020-09-01,,,861.584,,,,,,,,516.0869020000001,0.0,392.7288770000001,123.35802499999998,1037.475,27.577580000000005,,,,,35065.0,25196.0,9869.0,,,10045.022850000003,,957.0102099999997
2020-10-01,,,831.199,,,,,,,,570.660108,0.0,431.37052100000005,139.289587,1070.232,31.14802,,,,,33320.0,23872.0,9448.0,,,10013.844018000003,,965.9105339999999
2020-11-01,,,,,,,,,,,614.7060759999999,0.0,458.54139899999996,156.164677,1092.246,35.14656,,,,,31431.0,21258.0,10173.0,,,10087.844438999995,,1006.0821820000001
2020-12-01,,,,,,,,,,,773.363304,0.0,563.876702,209.486602,976.945,24.240239999999996,,,,,38994.0,27275.0,11719.0,,,11330.177614,,1057.199504
2021-01-01,,,,,,,,,,,732.4140450000001,,533.3580180000001,199.056027,895.416,25.143649999999997,,,,,27303.0,20632.0,6671.0,,,11941.580986,,973.0462670000002
2021-02-01,,,,,,,,,,,689.33694,,504.56263,184.77430999999999,811.697,30.200160000000007,,,,,26676.0,19130.0,7546.0,,,10090.389297999996,,924.0629040000001
2021-03-01,,,,,,,,,,,755.05853,,554.9533,200.10523000000003,974.347,33.23368,,,,,32359.0,20644.0,11715.0,,,11055.214502999996,,1172.110989
2021-04-01,,,,,,,,,,,645.3444999999999,,480.72289,164.62160999999998,947.965,36.03529,,,,,29876.0,21302.0,8574.0,,,9817.737877,,1119.578692
2021-05-01,,,,,,,,,,,565.23217,,426.84929999999997,138.38287,874.188,33.64727,,,,,28025.0,18419.0,9606.0,,,10986.114068,,1156.550507
2021-06-01,,,,,,,,,,,593.88048,,447.86736,146.01312,961.512,36.61862,,,,,28187.0,19615.0,8572.0,,,12053.804232,,1128.273301
2021-07-01,,,,,,,,,,,728.5758200000001,,536.5354400000001,192.04038,1043.235,36.69754000000001,,,,,24369.0,16649.0,7720.0,,,12418.960364999999,,1241.743442
2021-08-01,,,,,,,,,,,742.8252700000002,,545.5961200000002,197.22914999999998,1083.824,39.19352,,,,,26069.0,16858.0,9211.0,,,11660.287777999993,,1164.4349990000003
2021-09-01,,,,,,,,,,,749.29772,,547.8143400000001,201.48337999999995,1110.263,37.719300000000004,,,,,25700.0,15156.0,10544.0,,,10374.794059999995,,1159.4387000000002
2021-10-01,,,,,,,,,,,807.20798,,578.72824,228.47974,1140.962,41.05618,,,,,25291.0,16160.0,9131.0,,,10451.324174999992,,1191.269
2021-11-01,,,,,,,,,,,808.68609,,577.9453100000001,230.74078,1142.127,40.18272,,,,,27811.0,18757.0,9054.0,,,10569.433718999997,,1222.61423
2021-12-01,,,,,,,,,,,912.2344100000001,,642.4005800000001,269.83383000000003,1025.197,32.89214,,,,,32723.0,21356.0,11367.0,,,12457.845451999998,,1262.32356
2022-01-01,,,,,,,,,,,814.67624,,565.81301,248.86323000000002,877.364,29.0455,,,,,20147.0,15465.0,4682.0,,,13067.604932,,1126.3828500000002
2022-02-01,,,,,,,,,,,794.8069300000002,,552.9800600000001,241.82687000000004,938.072,37.35444000000001,,,,,25432.0,16726.0,8706.0,,,10567.756898999993,,1128.4138270000005
2022-03-01,,,,,,,,,,,837.7374800000001,,593.4518800000001,244.28560000000002,1047.227,42.19522,,,,,33827.0,23520.0,10307.0,,,10881.578983000003,,1234.0268760000001
2022-04-01,,,,,,,,,,,807.25761,,576.28311,230.9745,1039.32,41.195589999999996,,,,,30861.0,20523.0,10338.0,,,10147.364071000002,,1304.6846890000002
2022-05-01,,,,,,,,,,,785.6034749999999,,567.854352,217.749123,1088.0,40.10558,,,,,33730.0,22971.0,10759.0,,,11727.995001000001,,1280.7776600000002
2022-06-01,,,,,,,,,,,794.34887,,575.15978,219.18909000000002,1104.066,35.16014,,,,,37236.0,24649.0,12587.0,,,13074.470378000002,,1246.762089
2022-07-01,,,,,,,,,,,833.1165809999998,,601.0624589999998,232.054122,1146.9,31.643780000000003,,,,,29432.0,20813.0,8619.0,,,12639.619365999994,,1279.7285329999997
2022-08-01,,,,,,,,,,,840.1537899999998,,607.6804299999999,232.47336,1226.632,36.358799999999995,,,,,29171.0,20155.0,9016.0,,,11782.419631,,1267.353834
2022-09-01,,,,,,,,,,,821.15249,,597.31337,223.83912,1212.881,35.16034,,,,,34605.0,23271.0,11334.0,,,10314.000247000002,,1220.343078
2022-10-01,,,,,,,,,,,850.6050499999999,,615.6108399999999,234.99420999999998,1131.509,31.20637,,,,,33087.0,20991.0,12096.0,,,10221.298637999998,,1186.8918079999999
2022-11-01,,,,,,,,,,,833.7564539999998,,606.2388479999998,227.517606,1144.123,36.90998,,,,,35212.0,23589.0,11623.0,,,11323.713162000004,,1237.393482
2022-12-01,,,,,,,,,,,906.6275500000002,,658.0903300000001,248.53722000000005,932.66,26.793659999999996,,,,,33517.0,21687.0,11830.0,,,13027.412095999991,,1266.21548
2023-01-01,,,,,,,,,,,899.1541930000001,,645.999981,253.154212,958.23,31.35024,,,,,22112.0,16819.0,5293.0,,,13593.482594,,1162.3730730000002
2023-02-01,,,,,,,,,,,827.57613,,598.900175,228.67595500000002,895.938,32.280643999999995,,,,,30125.0,19838.0,10287.0,,,11906.275881999993,,1057.448338
2023-03-01,,,,,,,,,,,896.3993700000001,,657.4296200000001,238.96975,1113.909,43.9908,,,,,38087.0,24914.0,13173.0,,,13996.904604999994,,1297.3132799999998
2023-04-01,,,,,,,,,,,832.3649700000001,,612.5244700000001,219.84049999999996,1028.598,37.69504,,,,,33795.0,21075.0,12720.0,,,10046.212478000007,,1222.1134599999998
2023-05-01,,,,,,,,,,,837.24316,,616.22011,221.02304999999998,1071.951,36.26038,,,,,38604.0,24839.0,13765.0,,,10815.469723999997,,1266.99033
2023-06-01,,,,,,,,,,,821.9655300000002,,604.7813600000002,217.18417000000005,1080.354,41.23313999999999,,,,,44138.0,29716.0,14422.0,,,12071.781236000008,,1222.7560999999996
2023-07-01,,,,,,,,,,,867.0497,,630.6558600000001,236.39384,1067.68,33.529160000000005,,,,,30928.0,20311.0,10617.0,,,12477.225903000002,,1218.0896599999996
2023-08-01,,,,,,,,,,,863.4836200000001,,632.75499,230.72863000000007,1208.153,29.55296,,,,,30294.0,17948.0,12346.0,,,11756.000499000002,,1250.46573
2023-09-01,,,,,,,,,,,820.4818799999999,,592.28194,228.19993999999997,1118.07,35.73255,,,,,43282.0,30442.0,12840.0,,,10962.24445700001,,1206.7587
2023-10-01,,,,,,,,,,,894.142026,,632.892347,261.24967900000007,1125.075,29.419020000000003,,,,,40788.0,28645.0,12143.0,,,10454.125794,,1253.8517459999998
2023-11-01,,,,,,,,,,,888.340481,,644.944856,243.39562500000005,1018.613,20.418,,,,,29715.0,16611.0,13104.0,,,11040.811143000004,,1316.1607300000003
2023-12-01,,,,,,,,,,,906.4656970000001,,675.582125,230.88357200000002,808.987,13.14199,,,,,25072.0,15383.0,9689.0,,,11762.640716000002,,1193.5778430000003
2024-01-01,,,,,,,,,,,844.056259,,647.581461,196.47479800000002,766.837,11.93572,,,,,15942.0,9333.0,6609.0,,,13086.855288,,1125.452682
2024-02-01,,,,,,,,,,,,,,,,,,,,,33234.0,24875.0,8359.0,,,,,
